CAND_ID,CAND_NAME,CAND_ICI,CAND_PTY_AFFILIATION,TTL_RECEIPTS,DEBTS_OWED_BY,TTL_INDIV_CONTRIB,CAND_OFFICE_ST,CAND_OFFICE_DISTRICT,OTHER_POL_CMTE_CONTRIB,POL_PTY_CONTRIB,CVG_END_DT,INDIV_REFUNDS,CMTE_REFUNDS,PCT_INDIV_CONTRIB,PAC_Contribution_%,Party_Contribution_%,Adj_Party_Contrib,Adj_PAC_Contrib
S2CO00241,"O'DEA, JOSEPH MATTHEW",C,REP,-1686.1,3811000.0,-1740.4,CO,0.0,0.0,0.0,12/31/2024,0.0,-5060.0,103.22,0.0,0.0,5060.0,0.0
S2FL00557,"DRIGGERS, CALVIN JOB",C,REP,231.33,0.0,231.33,FL,0.0,0.0,0.0,12/31/2023,0.0,0.0,100.0,0.0,0.0,0.0,0.0
S4NY00321,"SCHWEITZER, WILLIAM",C,DEM,6016.0,0.0,6016.0,NY,0.0,0.0,0.0,03/11/2024,0.0,0.0,100.0,0.0,0.0,0.0,0.0
S6FL00277,"JONES, LATERESA ANN",C,REP,31.0,5238.36,31.0,FL,0.0,0.0,0.0,03/31/2023,0.0,0.0,100.0,0.0,0.0,0.0,0.0
S4UT00183,"LOBO-BLANCO, GABRIEL STUART",O,REP,550.0,10372.31,550.0,UT,0.0,0.0,0.0,03/31/2024,0.0,0.0,100.0,0.0,0.0,0.0,0.0
S6FL00236,"MCBRIDE, WILLIAM",C,REP,1071.42,250000.0,1071.42,FL,0.0,0.0,0.0,12/31/2024,0.0,0.0,100.0,0.0,0.0,0.0,0.0
S4TX00821,"HASSAN, AHMAD",C,DEM,2440.0,0.0,2440.0,TX,0.0,0.0,0.0,03/27/2024,0.0,0.0,100.0,0.0,0.0,0.0,0.0
S2UT00377,"HAMBLIN, LAIRD",O,DEM,170.0,0.0,170.0,UT,,0.0,0.0,12/31/2024,0.0,0.0,100.0,0.0,0.0,0.0,0.0
S4NY00396,"CASTRONUOVA, CARA",C,REP,43979.5,0.0,43979.5,NY,0.0,0.0,0.0,09/30/2024,3423.06,0.0,100.0,0.0,0.0,0.0,0.0
S4CA00845,"GILANI, SEPI",O,DEM,13764.0,0.0,13764.0,CA,0.0,0.0,0.0,12/31/2024,0.0,0.0,100.0,0.0,0.0,0.0,0.0
S4MN00486,"RUOHO, MIKE",,REP,45.0,0.0,45.0,MN,0.0,0.0,0.0,12/31/2024,0.0,0.0,100.0,0.0,0.0,0.0,0.0
S4FL00579,"STERN, EVERETT",C,DEM,325.0,0.0,325.0,FL,0.0,0.0,0.0,09/30/2023,0.0,0.0,100.0,0.0,0.0,0.0,0.0
S2NV00332,"HOCKSTEDLER, WILLIAM ERIC",C,REP,1050.0,0.0,1050.0,NV,0.0,0.0,0.0,12/31/2024,0.0,0.0,100.0,0.0,0.0,0.0,0.0
S4FL00512,"JOSEPH, ROD",C,DEM,31819.91,0.0,31819.91,FL,0.0,0.0,0.0,11/03/2024,0.0,0.0,100.0,0.0,0.0,0.0,0.0
S4NM00175,"GONZALES, MANUEL MANNY III",C,REP,4605.07,0.0,4605.07,NM,0.0,0.0,0.0,02/26/2024,135.35,0.0,100.0,0.0,0.0,0.0,0.0
S4CA00902,"BASSETT, SHARLETA",O,REP,23079.0,0.0,23079.0,CA,0.0,0.0,0.0,04/19/2024,500.0,0.0,100.0,0.0,0.0,0.0,0.0
S4MA00325,"GRIFFIN, BRANDON JAMES",C,OTH,2999.01,0.0,2999.01,MA,0.0,0.0,0.0,03/31/2024,0.0,0.0,100.0,0.0,0.0,0.0,0.0
S4MA00333,"GRIFFIN, BRANDON JAMES",C,OTH,2999.01,0.0,2999.01,MA,0.0,0.0,0.0,03/31/2024,0.0,0.0,100.0,0.0,0.0,0.0,0.0
S4MI00587,"WILSON, J.D.",O,REP,8086.71,51464.98,8086.71,MI,0.0,0.0,0.0,06/30/2024,0.0,0.0,100.0,0.0,0.0,0.0,0.0
S4TX00607,"RODRIGUEZ-PRILLIMAN, HELI",C,DEM,10122.0,39777.5,10122.0,TX,0.0,0.0,0.0,12/31/2024,176.0,0.0,100.0,0.0,0.0,0.0,0.0
S4NJ00524,"ESTRADA, MICHAEL",O,IND,5218.2,0.0,5218.2,NJ,0.0,0.0,0.0,07/20/2024,0.0,0.0,100.0,0.0,0.0,0.0,0.0
S2NY00499,"PINION, JOSEPH III",C,REP,1466.55,78576.15,1466.55,NY,0.0,0.0,0.0,12/31/2024,0.0,0.0,100.0,0.0,0.0,0.0,0.0
S4MD00533,"BARAKAT, MOHAMMED",O,REP,2211.86,0.0,2211.86,MD,,0.0,0.0,12/31/2024,0.0,0.0,100.0,0.0,0.0,0.0,0.0
S4NE00231,"EDDY, KERRY",C,OTH,17765.56,0.0,17765.56,NE,,0.0,0.0,09/30/2024,0.0,0.0,100.0,0.0,0.0,0.0,0.0
S2IN00109,"HORNING, ANDY",C,LIB,1446.0,0.0,1446.0,IN,,0.0,0.0,12/31/2024,0.0,0.0,100.0,0.0,0.0,0.0,0.0
S2IN00299,"SCENIAK, JAMES",C,LIB,75.0,0.0,75.0,IN,0.0,0.0,0.0,03/31/2023,0.0,0.0,100.0,0.0,0.0,0.0,0.0
S4PA00360,"THOMAS, JOHN C.",,LIB,4854.0,0.0,4854.0,PA,,0.0,0.0,09/30/2024,0.0,0.0,100.0,0.0,0.0,0.0,0.0
S2AK00135,"LEE, HUHNKIE",C,IND,34330.0,0.0,34330.0,AK,0.0,0.0,0.0,12/31/2024,0.0,0.0,100.0,0.0,0.0,0.0,0.0
S6TX00305,"ALLEN, KEITH",,REP,200.0,0.0,200.0,TX,0.0,0.0,0.0,12/31/2024,0.0,0.0,100.0,0.0,0.0,0.0,0.0
S8VT00059,"MCMULLEN, JOHN A",C,REP,5.0,619740.7,5.0,VT,0.0,0.0,0.0,06/30/2024,0.0,0.0,100.0,0.0,0.0,0.0,0.0
S2NY00382,"DRIGGERS, CALVIN",C,REP,231.33,0.0,231.33,NY,0.0,0.0,0.0,12/31/2023,0.0,0.0,100.0,0.0,0.0,0.0,0.0
S2GA00183,"KING, KELVIN",C,REP,108.7,0.0,108.7,GA,0.0,0.0,0.0,08/12/2024,0.0,0.0,100.0,0.0,0.0,0.0,0.0
S4MS00120,"MCDANIEL, CHRISTOPHER BRIAN",O,REP,65.0,46700.0,65.0,MS,0.0,0.0,0.0,12/31/2024,0.0,0.0,100.0,0.0,0.0,0.0,0.0
S2IN00307,"SCENIAK, JAMES",C,LIB,75.0,0.0,75.0,IN,0.0,0.0,0.0,03/31/2023,0.0,0.0,100.0,0.0,0.0,0.0,0.0
S2MO00866,"VENABLE, PAUL",O,CON,75.0,0.0,75.0,MO,,0.0,0.0,03/31/2023,0.0,0.0,100.0,0.0,0.0,0.0,0.0
S2AZ00349,"MCGUIRE, MICHAEL MICK",C,REP,1099.33,450705.0,1099.33,AZ,0.0,0.0,0.0,12/31/2024,0.0,0.0,100.0,0.0,0.0,0.0,0.0
S4CA00746,"POUND, PERRY",O,DEM,34129.01,32025.0,34129.0,CA,0.0,0.0,0.0,12/31/2024,0.0,0.0,100.0,0.0,0.0,0.0,0.0
S0AR00218,"WHITFIELD, DANIEL ALLEN",,DEM,2034.71,5039.84,2034.68,AR,0.0,0.0,0.0,12/31/2024,0.0,0.0,100.0,0.0,0.0,0.0,0.0
S4MI00603,"CRAIG, JAMES",O,REP,136670.33,0.0,136373.96,MI,0.0,0.0,0.0,05/31/2024,35.0,0.0,99.78,0.0,0.0,0.0,0.0
S4MS00187,"PINKINS, TY",C,DEM,1047155.67,0.0,1044355.67,MS,0.0,1600.0,1200.0,12/31/2024,3476.94,0.0,99.73,0.15279485618408578,0.11459614213806434,1200.0,1600.0
S4MI00496,"BEYDOUN, NASSER",O,DEM,981756.15,0.0,979101.15,MI,0.0,0.0,0.0,12/31/2024,0.0,0.0,99.73,0.0,0.0,0.0,0.0
S4NJ00425,"JASEY, KYLE FORT",O,DEM,51350.3,0.0,51180.0,NJ,0.0,0.0,0.0,03/31/2024,0.0,0.0,99.67,0.0,0.0,0.0,0.0
S4WI00280,"LEAGER, THOMAS CHARLES MR.",C,IND,23856.0,121.0,23735.0,WI,0.0,0.0,0.0,12/31/2024,0.0,0.0,99.49,0.0,0.0,0.0,0.0
S4CA00803,"GARVEY, STEVE",O,REP,20356132.85,0.0,20239043.43,CA,0.0,50349.0,0.0,12/31/2024,86089.78,0.0,99.42,0.24734069270922446,0.0,0.0,50349.0
S4AZ00188,"LAMB, MARK",O,REP,2189531.78,47400.96,2176037.84,AZ,0.0,8334.21,0.0,12/31/2024,146293.81,7034.21,99.38,0.3806389144988797,0.0,0.0,8334.21
S6GA00267,"BOX, REAGAN",,REP,33606.11,0.0,33339.82,GA,0.0,0.0,0.0,12/31/2024,0.0,0.0,99.21,0.0,0.0,0.0,0.0
S4NE00215,"WEAVER, JOHN GLEN LT COL RET.",C,REP,56973.54,0.0,56506.29,NE,0.0,0.0,0.0,06/30/2024,1750.0,0.0,99.18,0.0,0.0,0.0,0.0
S4MD00301,"JAWANDO, WILL",O,DEM,761154.89,0.0,753437.94,MD,0.0,5400.0,0.0,12/31/2024,71111.69,4400.0,98.99,0.709448243839043,0.0,0.0,5400.0
S4WI00215,"KLEIN, STACEY",C,REP,33712.56,0.0,33361.73,WI,0.0,0.0,0.0,04/17/2024,435.0,0.0,98.96,0.0,0.0,0.0,0.0
S0TX00308,"LOVE, JOHN BENARD III",C,DEM,135300.64,0.0,133773.65,TX,0.0,500.0,0.0,12/31/2024,0.0,0.0,98.87,0.36954740199307257,0.0,0.0,500.0
S4CA00837,"PASCUCCI, CHRISTINA",O,DEM,456534.53,0.0,450539.3,CA,0.0,100.0,0.0,03/28/2024,71531.2,0.0,98.69,0.021904148192251744,0.0,0.0,100.0
S4NV00270,"MARCHANT, JIM",C,REP,454703.78,0.0,448673.43,NV,0.0,3400.0,0.0,12/31/2024,39975.0,1000.0,98.67,0.74773955035078,0.0,0.0,3400.0
S4WV00357,"SHREWSBURY, ZACHARY C",O,DEM,403193.97,0.0,396969.16,WV,0.0,0.0,0.0,12/31/2024,6600.0,0.0,98.46,0.0,0.0,0.0,0.0
S2ND00123,"CHRISTIANSEN, KATRINA",C,DEM,3066029.91,0.0,3017631.6,ND,0.0,36030.0,1000.0,12/31/2024,98064.21,0.0,98.42,1.1751353071438237,0.03261546786410834,1000.0,36030.0
S4NJ00482,"MURPHY, TAMMY",O,DEM,4667821.11,0.0,4592502.83,NJ,0.0,62577.72,0.0,11/25/2024,1608901.11,16000.0,98.39,1.340619499447784,0.0,0.0,62577.72
S4TN00526,"JOHNSON, GLORIA",C,DEM,7585464.44,0.0,7460187.88,TN,0.0,81279.55,1000.0,12/31/2024,48680.49,3600.0,98.35,1.0715171186011123,0.0,0.0,81279.55
S4WV00399,"ELLIOTT, GLENN FREDERICK MR. JR.",O,DEM,855051.42,0.0,838815.08,WV,0.0,11068.0,0.0,11/25/2024,2336.48,0.0,98.1,1.2944250767983052,0.0,0.0,11068.0
S0AZ00350,"KELLY, MARK",I,DEM,10864653.95,0.0,10653809.81,AZ,0.0,54096.92,0.0,12/31/2024,219362.0,10203.17,98.06,0.4979166409621358,0.0,0.0,54096.92
S4MN00510,"FRASER, JOSEPH",C,REP,77212.83,198898.57,75712.83,MN,0.0,1500.0,0.0,12/31/2024,0.0,0.0,98.06,1.942682323650098,0.0,0.0,1500.0
S2PA00505,"PARNELL, RICHARD SEAN",O,REP,14791.84,0.0,14500.0,PA,0.0,0.0,0.0,02/13/2024,-300.0,0.0,98.03,0.0,0.0,0.0,0.0
S4TX00755,"GUTIERREZ, ROLAND",C,DEM,1446695.19,0.0,1415775.03,TX,0.0,27800.0,100.0,12/31/2024,68963.88,1000.0,97.86,1.9216210983600495,0.0,0.0,27800.0
S8CA00515,"BRADLEY, JAMES",O,REP,196982.69,245.0,192679.99,CA,0.0,0.0,0.0,12/31/2024,328.08,0.0,97.82,0.0,0.0,0.0,0.0
S6WV00147,"EVANS, JONATHAN DERRICK",,REP,1062145.01,0.0,1038108.06,WV,0.0,2500.0,0.0,12/31/2024,2775.0,0.0,97.74,0.2353727576237448,0.0,0.0,2500.0
S4UT00308,"GLEICH, CAROLINE",O,DEM,1236418.9,11504.01,1207279.2,UT,0.0,20900.0,0.0,12/31/2024,25394.28,1000.0,97.64,1.6903656196132235,0.0,0.0,20900.0
S0UT00165,"LEE, MIKE",I,REP,5138473.2,0.0,5012893.49,UT,0.0,85250.0,0.0,12/31/2024,220087.37,0.0,97.56,1.6590531210710604,0.0,0.0,85250.0
S4VA00338,"VITIELLO, RON",C,REP,513779.95,200.0,499951.95,VA,0.0,0.0,0.0,12/31/2024,17592.11,0.0,97.31,0.0,0.0,0.0,0.0
S2NY00325,"SARE, DIANE WILSON MS",C,IND,508500.31,0.0,493950.19,NY,0.0,0.0,0.0,12/31/2024,0.0,0.0,97.14,0.0,0.0,0.0,0.0
S2VT00292,"MALLOY, GERALD",C,REP,662959.83,5000.0,643687.45,VT,0.0,0.0,0.0,12/31/2024,15301.45,0.0,97.09,0.0,0.0,0.0,0.0
S4CT00179,"SMITH, GERARD",C,REP,68292.58,0.0,66258.89,CT,0.0,500.0,0.0,09/05/2024,156.86,0.0,97.02,0.7321439605883977,0.0,0.0,500.0
S4MI00694,"AMASH, JUSTIN",O,REP,914568.42,3500.0,886825.99,MI,0.0,22200.0,0.0,12/31/2024,169247.43,1700.0,96.97,2.4273744330686595,0.0,0.0,22200.0
S4MN00502,"WHITE, ROYCE",C,REP,1621461.87,75.0,1571923.12,MN,0.0,35758.95,5000.0,12/31/2024,44739.81,3500.0,96.94,2.2053525069941973,0.09250911339654258,1500.0,35758.95
S4VA00353,"CAO, HUNG",C,REP,9832460.01,0.0,9531954.86,VA,0.0,118597.22,0.0,12/31/2024,374796.44,3550.0,96.94,1.2061805476898146,0.0,0.0,118597.22
S4RI00069,"WATERS, ALLEN",C,DEM,21583.0,0.0,20911.0,RI,0.0,0.0,0.0,12/31/2024,0.0,0.0,96.89,0.0,0.0,0.0,0.0
S6RI00262,"WATERS, ALLEN",,REP,21583.0,0.0,20911.0,RI,0.0,0.0,0.0,12/31/2024,0.0,0.0,96.89,0.0,0.0,0.0,0.0
S4MD00400,"TEICHERT, JOHN",O,REP,355612.94,0.0,344512.77,MD,0.0,3900.0,0.0,09/30/2024,19800.0,0.0,96.88,1.096697999797195,0.0,0.0,3900.0
S4NJ00458,"HAMM, LARRY LEE",O,DEM,25362.0,700.0,24562.0,NJ,0.0,0.0,0.0,03/31/2024,0.0,0.0,96.85,0.0,0.0,0.0,0.0
S4RI00051,"MCKAY, RAYMOND TYLER MR",C,REP,154043.57,3989.51,149088.94,RI,0.0,3334.0,0.0,12/31/2024,6700.0,0.0,96.78,2.1643227302509285,0.0,0.0,3334.0
S4NV00312,"GRADY, TONY",C,REP,291015.11,0.0,281560.11,NV,0.0,2000.0,0.0,12/31/2024,4795.84,0.0,96.75,0.6872495383487133,0.0,0.0,2000.0
S4CA00407,"GARY-PANDOL, DENICE LYN MS.",O,REP,101984.99,11624.14,98641.99,CA,0.0,500.0,0.0,12/31/2024,3656.0,0.0,96.72,0.4902682247652326,0.0,0.0,500.0
S4OH00226,"STUART, DOUGLAS B",C,REP,6803.88,0.0,6579.82,OH,,0.0,0.0,04/12/2024,0.0,0.0,96.71,0.0,0.0,0.0,0.0
S4MI00686,"CURRAN, REBEKAH A.",O,REP,12647.38,0.0,12212.39,MI,0.0,0.0,0.0,09/30/2024,0.0,0.0,96.56,0.0,0.0,0.0,0.0
S2MA00170,"WARREN, ELIZABETH",I,DEM,9039537.78,0.0,8695846.64,MA,0.0,59800.0,0.0,12/31/2024,98024.18,400.0,96.2,0.6615382495807214,0.0,0.0,59800.0
S4VA00197,"SMITH, C.L. CHUCK JR",C,REP,558105.23,0.0,536646.02,VA,0.0,0.0,0.0,11/19/2024,11543.0,0.0,96.15,0.0,0.0,0.0,0.0
S0WI00197,"JOHNSON, RON HAROLD MR.",I,REP,5374239.35,8027316.94,5152425.62,WI,0.0,36000.0,0.0,12/31/2024,479.0,0.0,95.87,0.6698622382719147,0.0,0.0,36000.0
S4MO00250,"BELL, WESLEY",C,DEM,5386197.6,0.0,5136025.24,MO,0.0,244750.0,125.0,12/31/2024,24982.0,0.0,95.36,4.54402192745398,0.0023207466432349235,125.0,244750.0
S2OK00152,"HORN, MADISON",C,DEM,591403.83,7589.74,562642.1,OK,0.0,7419.17,0.0,11/25/2024,1548.0,0.0,95.14,1.254501513796419,0.0,0.0,7419.17
S4TX00805,"SHERMAN, CARL OSCAR SR.",C,DEM,179296.91,4511.0,170277.0,TX,0.0,1250.0,0.0,12/31/2024,0.0,0.0,94.97,0.6971676198993056,0.0,0.0,1250.0
S4NE00207,"OSBORN, DAN",C,IND,15129327.27,9000.0,14362159.56,NE,0.0,359769.27,57800.0,12/31/2024,171517.89,0.0,94.93,2.3779594662704393,0.38203945865201716,57800.0,359769.27
S4IN00279,"CARMICHAEL, ROBERT MARC",O,DEM,114319.39,0.0,108043.39,IN,0.0,0.0,616.0,12/31/2024,0.0,0.0,94.51,0.0,0.5388412236979221,616.0,0.0
S8GA00180,"OSSOFF, T. JONATHAN",I,DEM,7199991.41,0.0,6801119.84,GA,0.0,3500.0,0.0,12/31/2024,67380.41,0.0,94.46,0.048611169106936476,0.0,0.0,3500.0
S4MA00374,"CAIN, IAN",C,REP,418170.53,0.0,394412.8,MA,0.0,5050.0,0.0,10/01/2024,17332.2,0.0,94.32,1.207641294091193,0.0,0.0,5050.0
S2CT00132,"MURPHY, CHRISTOPHER S",I,DEM,12786118.05,0.0,12056273.92,CT,0.0,54025.0,0.0,12/31/2024,194386.82,25.0,94.29,0.42252855627279307,0.0,0.0,54025.0
S6IA00181,"LAEHN, THOMAS RAYMOND DR.",,LIB,22521.61,0.0,21221.61,IA,0.0,0.0,0.0,12/31/2024,0.0,0.0,94.23,0.0,0.0,0.0,0.0
S4FL00611,"MUCARSEL-POWELL, DEBBIE",C,DEM,36616416.21,56773.99,34482940.4,FL,0.0,806010.29,58050.0,12/31/2024,337857.94,2428.5,94.17,2.2012265902196004,0.15190317829304573,55621.5,806010.29
S2NH00272,"MANSHARAMANI, VIKRAM",C,REP,539918.85,243377.5,506613.0,NH,0.0,26650.0,0.0,12/31/2024,118000.0,0.0,93.83,4.935926945317801,0.0,0.0,26650.0
S4CA00555,"SCHIFF, ADAM",O,DEM,48149196.78,0.0,45110628.66,CA,0.0,1015453.06,250.0,12/31/2024,706974.81,22599.0,93.69,2.1089719619617715,0.0,0.0,1015453.06
S2NC00307,"WALKER, BRADLEY MARK MR.",,REP,826947.5,0.0,774677.43,NC,0.0,41800.0,0.0,12/31/2024,133391.52,0.0,93.68,5.054734429936604,0.0,0.0,41800.0
S4NM00159,"LUNA, BENJAMIN RALPH #1728",C,IDP,8603.48,0.0,7983.48,NM,0.0,0.0,0.0,02/26/2024,13.41,0.0,92.79,0.0,0.0,0.0,0.0
S8CT00121,"COREY, MATTHEW MCKINNON",C,REP,257655.82,10000.0,238005.52,CT,0.0,0.0,8675.0,12/31/2024,0.0,0.0,92.37,0.0,3.366894642628294,8675.0,0.0
S4FL00587,"EHR, PHILLIP",C,DEM,1199607.63,319743.63,1102082.44,FL,0.0,0.0,0.0,12/31/2024,40386.0,0.0,91.87,0.0,0.0,0.0,0.0
S4AZ00139,"GALLEGO, RUBEN",O,DEM,64657199.96,0.0,59385707.27,AZ,0.0,1784685.1,75650.0,12/31/2024,871940.33,6500.0,91.85,2.7602263956745583,0.1069486461566221,69150.0,1784685.1
S6PA00274,"FETTERMAN, JOHN KARL",I,DEM,7442913.67,5034.75,6818809.43,PA,0.0,36088.01,622.7,12/31/2024,46341.89,5000.0,91.61,0.48486401428326664,0.0,0.0,36088.01
S4TX00672,"INGALLS, JOSIAH JAMES",C,REP,4339.28,0.0,3955.0,TX,0.0,72.04,0.0,12/31/2024,0.0,0.0,91.14,1.6601832562084036,0.0,0.0,72.04
S2TX00312,"CRUZ, RAFAEL EDWARD  TED",I,REP,74050030.94,0.0,67435723.31,TX,0.0,1262520.07,5500.0,12/31/2024,290212.87,39000.0,91.07,1.7049554928923305,0.0,0.0,1262520.07
S0KY00156,"PAUL, RAND",I,REP,8490873.16,0.0,7722803.91,KY,0.0,97900.0,0.0,12/31/2024,75007.5,0.0,90.95,1.1530027378244334,0.0,0.0,97900.0
S8WA00194,"CANTWELL, MARIA",I,DEM,11147595.82,2173182.85,10134572.64,WA,0.0,76800.0,0.0,12/31/2024,155644.81,0.0,90.91,0.6889377874842972,0.0,0.0,76800.0
S4UT00217,"STAGGS, TRENT",O,REP,1417660.73,0.0,1279376.06,UT,0.0,23500.0,6000.0,10/31/2024,143703.04,4300.0,90.25,1.6576603627865183,0.11991585603136515,1700.0,23500.0
S4TX00722,"ALLRED, COLIN",C,DEM,94674182.67,0.0,85341899.87,TX,0.0,964089.68,62300.0,12/31/2024,1584936.46,27552.74,90.14,1.0183237423453322,0.03670193818426338,34747.259999999995,964089.68
S4MI00470,"SLOTKIN, ELISSA",O,DEM,51937060.2,0.0,46587666.88,MI,0.0,1198586.65,58507.15,12/31/2024,723151.19,22860.0,89.7,2.3077676044513584,0.06863528636917343,35647.15,1198586.65
S4CA00589,"LEE, BARBARA",O,DEM,5809488.05,91035.13,5206677.82,CA,,359264.33,0.0,12/31/2024,318103.79,9300.0,89.62,6.184096204483974,0.0,0.0,359264.33
S4NJ00466,"KIM, ANDY",O,DEM,12441003.62,0.0,11094385.53,NJ,0.0,725533.82,0.0,12/31/2024,223028.93,5018.54,89.18,5.831794943244298,0.0,0.0,725533.82
S4UT00241,"PHIPPEN, CAROLYN MARIE",O,REP,191720.14,0.0,169794.65,UT,0.0,0.0,0.0,09/11/2024,57233.35,0.0,88.56,0.0,0.0,0.0,0.0
S4AZ00220,"LAKE, KARI",O,REP,26252199.2,696535.25,23239868.42,AZ,0.0,407824.88,52800.0,12/31/2024,54157.74,1250.0,88.53,1.553488440694142,0.19636450115005985,51550.0,407824.88
S4TN00542,"BRADSHAW, MARQUITA",C,DEM,39727.68,0.0,35139.5,TN,0.0,0.0,0.0,12/31/2024,3360.0,0.0,88.45,0.0,0.0,0.0,0.0
S0TN00342,"BRADSHAW, MARQUITA",C,DEM,39727.68,0.0,35139.5,TN,0.0,0.0,0.0,12/31/2024,3360.0,0.0,88.45,0.0,0.0,0.0,0.0
S4VT00033,"SANDERS, BERNARD",I,IND,8207886.33,0.0,7241250.56,VT,0.0,89133.06,0.0,12/31/2024,89790.08,0.01,88.22,1.0859441324646122,0.0,0.0,89133.06
S4MI00488,"BURNS, ZACK",O,DEM,29073.19,0.0,25634.02,MI,0.0,0.0,0.0,01/13/2024,54.0,0.0,88.17,0.0,0.0,0.0,0.0
S4MO00276,"MAY, KARLA",C,DEM,62033.39,41017.0,54533.39,MO,0.0,7500.0,0.0,12/31/2024,650.0,0.0,87.91,12.090263001909134,0.0,0.0,7500.0
S4VA00312,"PARKINSON, SCOTT THOMAS",C,REP,999121.24,18553.58,871128.73,VA,0.0,118125.0,0.0,12/31/2024,69894.71,16225.0,87.19,11.822889482361521,0.0,0.0,118125.0
S4OH00200,"LAROSE, FRANK",C,REP,2338457.32,25000.0,2037670.47,OH,0.0,44486.85,0.0,12/31/2024,138984.12,6000.0,87.14,1.9024016226218747,0.0,0.0,44486.85
S6NV00200,"CORTEZ MASTO, CATHERINE",I,DEM,3231721.21,0.0,2809817.83,NV,0.0,110020.34,1500.0,12/31/2024,30974.87,300.0,86.94,3.4043883383121405,0.03713191584369371,1200.0,110020.34
S6MT00162,"TESTER, R. JON",I,DEM,93570122.72,0.0,81104096.95,MT,0.0,3077009.63,61171.43,12/31/2024,1655406.64,35800.0,86.68,3.2884531307153124,0.02711488374972177,25371.43,3077009.63
S4LA00065,"KENNEDY, JOHN NEELY",I,REP,15625987.97,0.0,13511810.05,LA,0.0,96175.0,0.0,12/31/2024,408254.79,2500.0,86.47,0.6154810830818782,0.0,0.0,96175.0
S4NJ00367,"KHALIL, CHRISTINA AMIRA",O,GRE,13807.52,0.0,11938.18,NJ,,0.0,1600.0,11/30/2024,0.0,0.0,86.46,0.0,11.587888339107964,1600.0,0.0
S4WA00581,"GARCIA, DR RAUL",C,REP,773708.95,0.0,667251.97,WA,0.0,10000.0,0.0,12/31/2024,8869.21,0.0,86.24,1.2924756783542444,0.0,0.0,10000.0
S4NV00320,"WALKER, TROY ZAKARI",C,DEM,705.0,0.0,605.0,NV,0.0,0.0,0.0,05/22/2024,0.0,0.0,85.82,0.0,0.0,0.0,0.0
S4SC00240,"SCOTT, TIMOTHY E.",I,REP,18856383.18,0.0,16176070.91,SC,0.0,730400.0,0.0,12/31/2024,1153917.85,114000.0,85.79,3.8734893803743757,0.0,0.0,730400.0
S0FL00338,"RUBIO, MARCO",I,REP,3012251.37,0.0,2583493.72,FL,0.0,105000.0,0.0,12/31/2024,3285.75,0.0,85.77,3.4857648682885314,0.0,0.0,105000.0
S2NV00308,"BROWN, SAM",C,REP,24063366.48,0.0,20606960.46,NV,0.0,1078736.16,52800.0,12/31/2024,549133.36,8154.0,85.64,4.482897939058442,0.18553513714345424,44646.0,1078736.16
S4WY00188,"MORROW, SCOTT D MR",C,DEM,45707.29,0.0,39107.29,WY,0.0,5600.0,1000.0,12/31/2024,50.0,0.0,85.56,12.25187491973381,2.187834807095323,1000.0,5600.0
S4VA00320,"BARVE, GARY",C,REP,9516.64,0.0,8112.29,VA,0.0,0.0,0.0,07/13/2023,2950.18,0.0,85.24,0.0,0.0,0.0,0.0
S2IN00166,"MCCRAY, VALERIE L DR",O,DEM,142089.64,0.0,120540.01,IN,0.0,7150.0,0.0,12/31/2024,0.0,0.0,84.83,5.0320347071046125,0.0,0.0,7150.0
S4WV00316,"ROSE, CHRISTOPHER ANDREW",O,REP,10683.8,0.0,9059.77,WV,0.0,0.0,0.0,08/21/2023,0.0,0.0,84.8,0.0,0.0,0.0,0.0
S4MI00546,"TAYLOR, ALEXANDRIA J.",O,REP,26120.45,2405.85,22119.14,MI,0.0,0.0,0.0,04/29/2024,0.0,0.0,84.68,0.0,0.0,0.0,0.0
S0AL00230,"TUBERVILLE, THOMAS H",I,REP,2191049.2,13423.4,1847627.76,AL,0.0,324300.0,0.0,12/31/2024,42270.0,2500.0,84.33,14.801128153580484,0.0,0.0,324300.0
S4NY00313,"BELLON, DAVID A. ESQ.",C,REP,43916.35,0.0,36999.0,NY,0.0,0.0,0.0,12/31/2024,7377.0,0.0,84.25,0.0,0.0,0.0,0.0
S2CT00256,"HYDE, ROBERT FINLEY",C,REP,1744.75,0.0,1467.29,CT,0.0,0.0,0.0,12/31/2024,2150.0,0.0,84.1,0.0,0.0,0.0,0.0
S8NY00082,"SCHUMER, CHARLES E.",I,DEM,2790888.71,0.0,2345346.13,NY,0.0,202800.0,0.0,12/31/2024,38555.75,2000.0,84.04,7.2665025758049655,0.0,0.0,202800.0
S2WI00417,"PECKARSKY, PETER",C,DEM,2202.9,308361.76,1850.0,WI,0.0,0.0,0.0,12/31/2024,0.0,0.0,83.98,0.0,0.0,0.0,0.0
S2WI00219,"BALDWIN, TAMMY",I,DEM,50228545.14,0.0,42080848.61,WI,0.0,2607543.73,62425.82,12/31/2024,592192.45,62520.29,83.78,5.191358265966292,0.0,0.0,2607543.73
S4FL00595,"RUSH, BRIAN",C,DEM,85508.96,0.0,71298.24,FL,0.0,0.0,0.0,11/11/2024,0.0,0.0,83.38,0.0,0.0,0.0,0.0
S6OH00163,"BROWN, SHERROD",I,DEM,96530240.72,0.0,79877201.03,OH,0.0,3085597.37,57800.0,12/31/2024,2000830.92,69880.9,82.75,3.196508521044948,0.0,0.0,3085597.37
S0KY00420,"BOOKER, CHARLES",C,DEM,147125.06,129574.0,121237.0,KY,0.0,5000.0,0.0,12/31/2024,21087.0,0.0,82.4,3.3984693022385173,0.0,0.0,5000.0
S4VA00239,"GARCIA, EDWARD",C,REP,328243.77,162089.92,269936.93,VA,0.0,1075.0,230.0,12/31/2024,12644.37,0.0,82.24,0.3275005036653095,0.0700698752028104,230.0,1075.0
S2HI00155,"MCDERMOTT, ROBERT",C,REP,23225.25,4000.0,18912.6,HI,0.0,250.0,0.0,12/31/2024,0.0,0.0,81.43,1.0764146779905492,0.0,0.0,250.0
S4NJ00417,"SIGNORELLO, JOSEPH III",O,DEM,83900.6,5000.0,68140.28,NJ,0.0,5500.0,0.0,09/30/2023,300.0,5500.0,81.22,6.55537624283974,0.0,0.0,5500.0
S0CO00211,"BENNET, MICHAEL F.",I,DEM,1181527.92,374819.0,956042.51,CO,0.0,58596.92,0.0,12/31/2024,5166.75,7500.0,80.92,4.959418986899608,0.0,0.0,58596.92
S2WA00189,"MURRAY, PATTY",I,DEM,2095534.09,0.0,1695482.12,WA,0.0,284000.0,0.0,12/31/2024,14231.09,8000.0,80.91,13.55263087130212,0.0,0.0,284000.0
S6IL00292,"DUCKWORTH, L. TAMMY",I,DEM,4571747.48,0.0,3684933.82,IL,0.0,260703.03,0.0,12/31/2024,24373.94,0.0,80.6,5.702480969049498,0.0,0.0,260703.03
S0CO00575,"HICKENLOOPER, JOHN W.",I,DEM,1160079.25,0.0,928610.79,CO,0.0,113500.0,0.0,12/31/2024,2249.09,0.0,80.05,9.783814338546268,0.0,0.0,113500.0
S2NV00399,"CONRAD, WILLIAM ""BILL""",C,REP,12476.0,0.0,9876.0,NV,,500.0,0.0,12/31/2024,200.0,0.0,79.16,4.007694773966015,0.0,0.0,500.0
S4NV00296,"CONRAD, WILLIAM BRYAN",C,REP,12476.0,0.0,9876.0,NV,0.0,500.0,0.0,12/31/2024,200.0,0.0,79.16,4.007694773966015,0.0,0.0,500.0
S2WA00460,"HOLYK, ISAAC A",C,REP,8368.37,0.0,6602.39,WA,0.0,0.0,0.0,12/31/2024,0.0,0.0,78.9,0.0,0.0,0.0,0.0
S0GA00559,"WARNOCK, RAPHAEL",I,DEM,4819907.15,0.0,3788915.6,GA,0.0,87316.93,0.0,12/31/2024,995564.88,28318.93,78.61,1.8115894618426411,0.0,0.0,87316.93
S0NM00058,"LUJAN, BEN RAY",I,DEM,1364756.27,0.0,1072144.28,NM,0.0,267540.0,0.0,12/31/2024,8816.5,12000.0,78.56,19.60350033782955,0.0,0.0,267540.0
S4TX00706,"TCHENKO, THIERRY",C,DEM,142864.34,0.0,112075.94,TX,,0.0,0.0,03/31/2024,2200.0,0.0,78.45,0.0,0.0,0.0,0.0
S2MO00726,"LONG, BILLY",O,REP,35977.32,130000.0,28195.0,MO,0.0,5000.0,0.0,12/31/2024,2500.0,0.0,78.37,13.897644404863954,0.0,0.0,5000.0
S4MI00504,"LOVE, LESLIE N.",O,DEM,23395.0,6408.04,18295.0,MI,0.0,0.0,0.0,03/31/2024,0.0,0.0,78.2,0.0,0.0,0.0,0.0
S8MN00578,"SMITH, TINA",I,DEM,1464674.23,0.0,1140676.44,MN,0.0,303750.0,0.0,12/31/2024,14919.0,0.0,77.88,20.738399964885023,0.0,0.0,303750.0
S4TN00575,"MOSES, PAMELA",C,IDP,5945.0,0.0,4595.0,TN,0.0,1000.0,0.0,11/25/2024,0.0,0.0,77.29,16.82085786375105,0.0,0.0,1000.0
S2AL00145,"BRITT, KATIE BOYD",I,REP,3907112.1,30327.0,3017323.47,AL,0.0,863600.0,0.0,12/31/2024,9386.5,1500.0,77.23,22.103281858741653,0.0,0.0,863600.0
S4RI00085,"MORGAN, PATRICIA L",C,REP,296201.28,41627.71,227784.57,RI,0.0,50.0,0.0,12/31/2024,0.0,0.0,76.9,0.01688041321090847,0.0,0.0,50.0
S8NV00156,"ROSEN, JACKY",I,DEM,43915245.2,0.0,33769624.63,NV,0.0,2574528.14,57800.0,12/31/2024,609151.13,41607.14,76.9,5.862492918518419,0.03687298095741932,16192.86,2574528.14
S4TX00771,"GOMEZ, MERI LIZET MS.",C,DEM,16944.01,0.0,13024.01,TX,0.0,0.0,0.0,06/30/2024,0.0,0.0,76.86,0.0,0.0,0.0,0.0
S4TX00748,"KEOUGH, STEVE",C,DEM,28692.87,6050.06,21942.81,TX,0.0,0.0,0.0,02/14/2024,0.0,0.0,76.47,0.0,0.0,0.0,0.0
S4MD00327,"ALSOBROOKS, ANGELA",O,DEM,31077805.53,101342.24,23764486.41,MD,0.0,1194819.3,58400.0,12/31/2024,503954.71,26899.0,76.47,3.8446063987581685,0.10136172571641676,31501.0,1194819.3
S4PA00329,"SELKER, MARTY",C,CON,16258.57,0.0,12356.73,PA,0.0,0.0,0.0,12/12/2024,0.0,0.0,76.0,0.0,0.0,0.0,0.0
S4MS00203,"BURTON, TIMOTHY GHANNON COLONEL(R)",C,REP,218188.17,13594.25,165730.0,MS,0.0,0.0,0.0,12/31/2024,0.0,250.0,75.96,0.0,0.0,0.0,0.0
S4TN00534,"MILLER-WATKINS, CIVIL MARSHA",C,DEM,24800.5,15609.74,18725.0,TN,0.0,0.0,0.0,09/30/2024,0.0,0.0,75.5,0.0,0.0,0.0,0.0
S2NM00088,"HEINRICH, MARTIN",I,DEM,10731410.2,0.0,8100492.64,NM,0.0,2004501.1,57800.0,12/31/2024,153020.2,23000.0,75.48,18.67882284473666,0.32428170530654027,34800.0,2004501.1
S4CA00639,"EARLY, ERIC",O,REP,904178.95,160635.57,678321.14,CA,0.0,0.0,500.0,12/31/2024,20531.0,0.0,75.02,0.0,0.05529878792245716,500.0,0.0
S6PA00217,"CASEY, ROBERT P. JR.",I,DEM,58147345.34,0.0,43598592.23,PA,0.0,2903155.31,61800.0,12/31/2024,998815.77,39160.41,74.98,4.992756407063173,0.03893486429624853,22639.589999999997,2903155.31
S2OH00436,"VANCE, J D",I,REP,2704752.4,103207.08,2026008.9,OH,0.0,360400.0,0.0,12/31/2024,0.0,0.0,74.91,13.32469471142719,0.0,0.0,360400.0
S4CA00670,"REISS, JONATHAN",O,REP,14156.17,14017.12,10529.36,CA,0.0,1274.45,0.0,12/31/2024,0.0,0.0,74.38,9.002788183527041,0.0,0.0,1274.45
S4IN00261,"POTTS, KEITH",O,DEM,103206.86,15900.0,76390.69,IN,0.0,2750.0,0.0,12/31/2024,1985.0,0.0,74.02,2.6645515617857183,0.0,0.0,2750.0
S4MI00561,"O'DONNELL, SHERRELL ANNE",O,REP,494750.2,88000.0,365935.2,MI,0.0,2500.0,0.0,12/31/2024,4785.47,0.0,73.96,0.5053055056875166,0.0,0.0,2500.0
S4TX00789,"GONZALEZ, MARK A",C,DEM,14967.44,0.0,11067.44,TX,0.0,0.0,0.0,02/14/2024,0.0,0.0,73.94,0.0,0.0,0.0,0.0
S6NJ00289,"MENENDEZ, ROBERT",I,IND,3882123.51,0.0,2868362.77,NJ,0.0,507192.53,0.0,12/31/2024,53697.0,15223.81,73.89,13.064822092690195,0.0,0.0,507192.53
S4MI00595,"ROGERS, MICHAEL J",O,REP,13247396.66,30000.0,9726562.99,MI,0.0,957336.84,53050.0,12/31/2024,252982.82,2004.55,73.42,7.226603570274614,0.3853243871992582,51045.45,957336.84
S2MD00602,"FRIEND, LORIE R",O,REP,1417.35,8692.25,1040.05,MD,0.0,0.0,0.0,12/31/2024,0.0,0.0,73.38,0.0,0.0,0.0,0.0
S4WV00324,"MOONEY, ALEXANDER X",O,REP,2280834.4,0.0,1660300.37,WV,0.0,262250.0,15000.0,12/31/2024,270864.41,43100.0,72.79,11.497985123339074,0.0,0.0,262250.0
S4MT00183,"SHEEHY, TIM",C,REP,30015786.32,1700000.0,21768586.8,MT,0.0,1318362.0,63108.77,12/31/2024,489614.59,2600.0,72.52,4.392228762374798,0.20158982128574798,60508.77,1318362.0
S0NH00219,"SHAHEEN, JEANNE",I,DEM,1190933.63,0.0,859422.64,NH,0.0,303375.0,0.0,12/31/2024,24231.33,900.0,72.16,25.473711746640326,0.0,0.0,303375.0
S4MS00195,"EUBANKS, DAN",C,REP,52717.97,12855.15,37717.97,MS,0.0,0.0,0.0,08/09/2024,0.0,0.0,71.55,0.0,0.0,0.0,0.0
S4NV00262,"PHILLIPS, STEPHANIE",C,REP,83810.01,25676.77,59546.33,NV,0.0,0.0,0.0,06/30/2024,501.0,0.0,71.05,0.0,0.0,0.0,0.0
S4AZ00287,"NORTON, MIKE",O,GRE,84401.01,0.0,59401.0,AZ,0.0,25000.0,0.0,09/24/2024,0.0,0.0,70.38,29.620498617255887,0.0,0.0,25000.0
S6MD03441,"VAN HOLLEN, CHRIS",I,DEM,330578.51,2209.56,232265.7,MD,0.0,44000.0,0.0,12/31/2024,1015.0,0.0,70.26,13.310000096497502,0.0,0.0,44000.0
S4TX00680,"ANDRUS, TRACY DR. SR.",C,DEM,18385.0,0.0,12885.0,TX,0.0,0.0,0.0,06/30/2024,0.0,0.0,70.08,0.0,0.0,0.0,0.0
S4NE00223,"LOVE, PRESTON JR",C,DEM,283232.43,0.0,197363.08,NE,0.0,7500.0,14450.0,11/25/2024,1182.48,0.0,69.68,2.6480018548723394,5.10181690705404,14450.0,7500.0
S2ME00109,"KING, ANGUS S. JR.",I,IND,5368767.0,0.0,3734651.41,ME,0.0,1503928.51,5200.0,12/31/2024,62064.55,20000.02,69.56,28.01254943639759,0.0,0.0,1503928.51
S4IA00129,"ERNST, JONI K",I,REP,2921862.7,0.0,2020872.76,IA,0.0,696050.0,0.0,12/31/2024,0.0,500.0,69.16,23.82213236782139,0.0,0.0,696050.0
S2NC00356,"JACKSON, JEFF",O,DEM,891839.08,0.0,616380.53,NC,0.0,176651.95,350.0,09/20/2024,13215.0,28500.0,69.11,19.807603631812146,0.0,0.0,176651.95
S4MI00355,"PETERS, GARY",I,DEM,3241786.33,0.0,2239335.24,MI,0.0,880508.73,0.0,12/31/2024,73536.43,0.0,69.08,27.161220400358708,0.0,0.0,880508.73
S6MN00267,"KLOBUCHAR, AMY",I,DFL,14734556.75,0.0,10146530.53,MN,0.0,1155708.0,0.0,12/31/2024,174002.06,10000.0,68.86,7.843520640687071,0.0,0.0,1155708.0
S6NH00091,"HASSAN, MARGARET WOOD",I,DEM,2900607.97,0.0,1994701.65,NH,0.0,588433.0,0.0,12/31/2024,14200.35,6500.0,68.77,20.2865401352393,0.0,0.0,588433.0
S0TN00169,"HAGERTY, BILL",I,REP,4906088.81,0.0,3324823.86,TN,0.0,805900.0,0.0,12/31/2024,25245.8,12000.0,67.77,16.42652693847179,0.0,0.0,805900.0
S8OR00207,"MERKLEY, JEFFREY ALAN",I,DEM,1508836.04,0.0,1002446.84,OR,0.0,41225.0,0.0,12/31/2024,7335.16,0.0,66.44,2.732238553898805,0.0,0.0,41225.0
S8MS00261,"HYDE-SMITH, CINDY",I,REP,750573.65,60000.0,498055.82,MS,0.0,249900.0,0.0,12/31/2024,526.0,5000.0,66.36,33.29453412066891,0.0,0.0,249900.0
S4AZ00261,"WILLIAMS, SARAH",O,LIB,14715.0,0.0,9715.0,AZ,0.0,0.0,5000.0,12/31/2024,0.0,0.0,66.02,0.0,33.97893306150187,5000.0,0.0
S4MI00462,"SNYDER, NICOLETTE",O,REP,227962.67,0.0,148446.0,MI,0.0,15300.0,0.0,12/31/2024,30451.5,5000.0,65.12,6.711625197230757,0.0,0.0,15300.0
S4MO00268,"HARMON, DECEMBER L",C,DEM,18462.5,35.78,11807.44,MO,0.0,0.0,100.0,08/19/2024,347.13,0.0,63.95,0.0,0.5416384563303994,100.0,0.0
S4MI00553,"HARPER, FRANK EUGENE HILL",O,DEM,3149518.74,789999.1,2010281.61,MI,0.0,15100.48,0.0,10/16/2024,110546.31,1300.0,63.83,0.4794535688331862,0.0,0.0,15100.48
S2MO00544,"SCHMITT, ERIC",I,REP,1957979.62,0.0,1246346.44,MO,0.0,442316.0,0.0,12/31/2024,13135.0,22000.0,63.65,22.59042920988115,0.0,0.0,442316.0
S4NJ00532,"MURPHY, JUSTIN MICHAEL LL.M.",O,REP,12028.82,3850.0,7578.82,NJ,0.0,0.0,0.0,12/31/2024,0.0,0.0,63.01,0.0,0.0,0.0,0.0
S2MO00593,"HARTZLER, VICKY J",O,REP,9817.91,0.0,6170.0,MO,0.0,461.23,0.0,03/31/2024,-5621.0,0.0,62.84,4.697843023617043,0.0,0.0,461.23
S4TX00888,"BROWN, THEODORE E. JR.",C,LIB,13994.0,0.0,8794.0,TX,0.0,0.0,0.0,12/31/2024,0.0,0.0,62.84,0.0,0.0,0.0,0.0
S0IA00028,"GRASSLEY, CHARLES E",I,REP,770100.5,0.0,483309.71,IA,0.0,109000.0,0.0,12/31/2024,33054.05,0.0,62.76,14.153996783536693,0.0,0.0,109000.0
S2HI00106,"HIRONO, MAZIE K.",I,DEM,3292048.88,0.0,2064894.06,HI,0.0,1085368.53,0.0,12/31/2024,38246.5,2000.0,62.72,32.96939290889265,0.0,0.0,1085368.53
S4TX00896,"ROCHE, ANALISA",C,W,5300.0,0.0,3300.0,TX,0.0,0.0,0.0,12/24/2024,0.0,0.0,62.26,0.0,0.0,0.0,0.0
S4IN00196,"BANKS, JAMES E. HON.",O,REP,7337226.72,151180.0,4534595.55,IN,0.0,1432093.06,850.0,12/31/2024,181118.04,4950.0,61.8,19.518179206543586,0.0,0.0,1432093.06
S4AR00103,"COTTON, THOMAS",I,REP,2488964.09,73959.0,1537499.24,AR,0.0,181500.0,0.0,12/31/2024,12416.14,0.0,61.77,7.292190382706567,0.0,0.0,181500.0
S4DE00060,"BLUNT ROCHESTER, LISA",O,DEM,9934497.35,0.0,6039846.28,DE,0.0,2365766.13,0.0,12/31/2024,35594.65,7613.63,60.8,23.813646998456342,0.0,0.0,2365766.13
S0SC00149,"GRAHAM, LINDSEY O.",I,REP,4534983.47,0.0,2756240.43,SC,0.0,222810.0,0.0,12/31/2024,18875.0,1000.0,60.78,4.913138084712799,0.0,0.0,222810.0
S4HI00136,"SCHATZ, BRIAN",I,DEM,525033.39,0.0,319015.07,HI,0.0,127100.0,0.0,12/31/2024,97.5,0.0,60.76,24.20798418172985,0.0,0.0,127100.0
S4FL00736,"BONOAN, FEENA",C,LIB,19716.9,0.0,11928.43,FL,0.0,0.0,100.0,12/31/2024,0.0,0.0,60.5,0.0,0.5071791204499693,100.0,0.0
S0DE00092,"COONS, CHRISTOPHER A.",I,DEM,1749727.9,0.0,1055486.82,DE,0.0,536200.0,0.0,12/31/2024,2671.0,0.0,60.32,30.644764823147646,0.0,0.0,536200.0
S2NC00505,"BUDD, THEODORE P",I,REP,2111873.54,75000.0,1267904.19,NC,0.0,506121.72,0.0,12/31/2024,69581.25,2000.0,60.04,23.965531572501256,0.0,0.0,506121.72
S4WI00231,"RAVEENDRAN, REJANI",C,REP,47354.87,0.0,28397.26,WI,0.0,0.0,1145.08,12/31/2024,5.76,0.0,59.97,0.0,2.418082870885296,1145.08,0.0
S2KY00012,"MCCONNELL, MITCH",I,REP,1203839.87,0.0,719515.54,KY,0.0,265112.37,0.0,12/31/2024,29079.64,5000.0,59.77,22.02222875372951,0.0,0.0,265112.37
S2VA00142,"KAINE, TIMOTHY MICHAEL",I,DEM,18308453.68,0.0,10885217.62,VA,0.0,2112229.54,1000.0,12/31/2024,377481.98,10500.0,59.45,11.536908451790124,0.0,0.0,2112229.54
S4WV00332,"JUSTICE, JAMES CONLEY II",O,REP,4587416.08,0.0,2727259.36,WV,0.0,704300.0,0.0,12/31/2024,11900.0,5000.0,59.45,15.352869408784912,0.0,0.0,704300.0
S4CA00852,"SIMCHOWITZ, STEFAN",O,REP,8523.79,3480.0,5043.79,CA,0.0,0.0,0.0,03/12/2024,0.0,0.0,59.17,0.0,0.0,0.0,0.0
S2PA00661,"MCCORMICK, DAVE",C,REP,35970836.83,20498780.21,21181317.53,PA,0.0,1013544.37,52800.0,12/31/2024,187803.0,26075.0,58.88,2.8176835996061538,0.07429629765441295,26725.0,1013544.37
S4CA00522,"PORTER, KATHERINE",O,DEM,32527821.11,0.0,19140784.48,CA,0.0,67526.32,0.0,12/31/2024,392047.63,0.0,58.84,0.20759558339811593,0.0,0.0,67526.32
S6RI00163,"REED, JOHN F.",I,DEM,566041.68,0.0,329268.75,RI,0.0,163900.0,0.0,12/31/2024,3685.0,0.0,58.17,28.955464904987206,0.0,0.0,163900.0
S6ME00159,"COLLINS, SUSAN M.",I,REP,1624001.46,0.0,940099.24,ME,0.0,321919.25,0.0,12/31/2024,4400.0,0.0,57.89,19.822596095449324,0.0,0.0,321919.25
S4MI00710,"SOLIS-MULLEN, JOSEPH",,LIB,2307.5,0.0,1334.3,MI,,20.0,953.2,12/17/2024,0.0,0.0,57.82,0.8667388949079089,41.308775731310945,953.2,20.0
S8DE00079,"CARPER, THOMAS R.",I,DEM,232443.49,0.0,133593.23,DE,0.0,95000.0,0.0,12/31/2024,87373.0,131900.0,57.47,40.87014869721669,0.0,0.0,95000.0
S4MD00350,"DOMINGUEZ, JUAN",O,DEM,379860.01,0.0,217887.88,MD,0.0,2500.0,0.0,05/22/2024,0.0,0.0,57.36,0.6581371911194337,0.0,0.0,2500.0
S4VA00221,"LOWE, KIMBERLY",C,REP,27835.88,12000.0,15770.85,VA,0.0,0.0,0.0,06/30/2024,1300.0,0.0,56.66,0.0,0.0,0.0,0.0
S2FL00656,"NGUYEN, QUOC TUAN MR.",C,NPA,22530.0,9500.0,12630.0,FL,0.0,0.0,0.0,11/25/2024,0.0,0.0,56.06,0.0,0.0,0.0,0.0
S4MA00028,"MARKEY, EDWARD SEN.",I,DEM,1549922.8,0.0,867630.43,MA,0.0,97500.0,0.0,12/31/2024,16237.0,0.0,55.98,6.290635894897474,0.0,0.0,97500.0
S6RI00221,"WHITEHOUSE, SHELDON",I,DEM,4859870.01,0.0,2700712.67,RI,0.0,738285.0,0.0,12/31/2024,72734.86,8000.0,55.57,15.19145570726901,0.0,0.0,738285.0
S4NC00162,"TILLIS, THOM R. SEN.",I,REP,2474642.46,0.0,1372519.17,NC,0.0,1053189.98,0.0,12/31/2024,34940.0,13634.02,55.46,42.559278644236954,0.0,0.0,1053189.98
S4OH00192,"MORENO, BERNIE",C,REP,26920693.53,8470685.25,14811193.79,OH,0.0,909531.43,53325.0,12/31/2024,201603.61,17600.0,55.02,3.3785586875257594,0.1327046049545069,35725.0,909531.43
S2MO00775,"ALLEN, ROBERT",O,REP,823.76,0.0,449.88,MO,,0.0,0.0,03/31/2024,0.0,0.0,54.61,0.0,0.0,0.0,0.0
S8MT00234,"ROSENDALE, MATT MR.",C,REP,1067698.39,0.0,582548.66,MT,0.0,187500.0,0.0,12/31/2024,236057.15,41200.0,54.56,17.561139152790144,0.0,0.0,187500.0
S2CA00955,"PADILLA, ALEX",I,DEM,754150.94,8276.37,408463.81,CA,0.0,221050.0,0.0,12/31/2024,7013.5,6000.0,54.16,29.311108463247425,0.0,0.0,221050.0
S4VA00254,"HICKMAN, GWENDOLYN M.",C,REP,33075.9,14150.0,17705.0,VA,0.0,1220.9,0.0,06/30/2024,100.0,0.0,53.53,3.6912071931527186,0.0,0.0,1220.9
S4NJ00185,"BOOKER, CORY A.",I,DEM,7919520.16,0.0,4233671.15,NJ,0.0,16510.0,0.0,12/31/2024,86724.58,-7250.0,53.46,0.20847222642842544,0.09154595043041092,7250.0,16510.0
S4HI00177,"LAM, ADRIEL",C,REP,23056.51,10094.24,12127.23,HI,0.0,0.0,0.0,12/31/2024,3002.59,0.0,52.6,0.0,0.0,0.0,0.0
S8MS00196,"WICKER, ROGER SEN.",I,REP,7420578.92,0.0,3901123.07,MS,0.0,2282995.0,0.0,12/31/2024,26217.46,2500.0,52.57,30.765726294573252,0.0,0.0,2282995.0
S6VA00093,"WARNER, MARK ROBERT",I,DEM,4266868.81,0.0,2242951.15,VA,0.0,710700.0,0.0,12/31/2024,48579.01,10000.0,52.57,16.65624212149143,0.0,0.0,710700.0
S4AK00099,"MURKOWSKI, LISA",I,REP,689240.76,0.0,356325.79,AK,0.0,276800.0,0.0,12/31/2024,0.0,0.0,51.7,40.16013214308452,0.0,0.0,276800.0
S4CA00613,"RAB, AEJAZ ( RAJI )",O,DEM,20900.0,10000.0,10800.0,CA,0.0,0.0,0.0,12/31/2024,0.0,0.0,51.67,0.0,0.0,0.0,0.0
S0NC00293,"SMITH, SANDY",C,REP,948026.71,180983.66,487161.21,NC,0.0,5000.0,0.0,12/31/2024,20052.0,0.0,51.39,0.5274113004685279,0.0,0.0,5000.0
S4MI00637,"MEIJER, PETER MR.",O,REP,1095101.9,514533.5,560443.37,MI,0.0,16300.0,0.0,12/31/2024,68500.0,1300.0,51.18,1.488445961056227,0.0,0.0,16300.0
S4MA00358,"DEATON, JOHN",C,REP,2244282.53,1003301.65,1147559.95,MA,0.0,8809.59,0.0,12/31/2024,1149.09,200.0,51.13,0.39253480264804275,0.0,0.0,8809.59
S8MO00160,"HAWLEY, JOSHUA DAVID SEN",I,REP,13808806.06,0.0,6979078.18,MO,0.0,397882.21,1900.0,12/31/2024,91447.29,5000.0,50.54,2.8813657623344158,0.0,0.0,397882.21
S4MD00483,"HOGAN, LARRY",O,REP,12249553.37,718190.06,6056832.99,MD,0.0,645274.34,52800.0,12/31/2024,54311.49,0.0,49.45,5.267737692219223,0.43103612356439736,52800.0,645274.34
S8ID00092,"RISCH, JAMES E MR.",I,UNK,632240.45,0.0,310277.48,ID,0.0,220000.0,0.0,12/31/2024,15797.72,0.0,49.08,34.79688779798889,0.0,0.0,220000.0
S4NJ00540,"BASHAW, CURTIS",O,REP,4249567.71,2054764.78,2072777.5,NJ,0.0,74400.0,36000.0,12/31/2024,24635.71,0.0,48.78,1.7507663150047796,0.8471449911313451,36000.0,74400.0
S4AK00214,"SULLIVAN, DAN",I,REP,1893775.09,0.0,915243.87,AK,0.0,523850.0,0.0,12/31/2024,750.0,2500.0,48.33,27.661679719316616,0.0,0.0,523850.0
S4CA00720,"RUZON, MARK DR.",O,OTH,25489.13,0.0,12239.13,CA,0.0,0.0,5000.0,03/31/2024,0.0,0.0,48.02,0.0,19.616205025436333,5000.0,0.0
S4NV00379,"CUNNINGHAM, CHRIS",C,LIB,15573.29,0.0,7477.6,NV,0.0,0.0,0.0,12/31/2024,0.0,0.0,48.02,0.0,0.0,0.0,0.0
S8ND00120,"CRAMER, KEVIN MR.",I,REP,5562461.74,0.0,2647741.19,ND,0.0,1783950.0,0.0,12/31/2024,106612.66,11000.0,47.6,32.07123182837389,0.0,0.0,1783950.0
S6WY00068,"BARRASSO, JOHN A",I,REP,7761388.01,0.0,3650337.75,WY,,2725370.0,0.0,12/31/2024,45724.43,5215.26,47.03,35.114466593972026,0.0,0.0,2725370.0
S4MA00291,"ANTONELLIS, ROBERT JOSEPH",C,REP,41279.47,56009.57,18967.77,MA,0.0,200.0,191.7,12/31/2024,0.0,0.0,45.95,0.48450234462797126,0.4643954973259104,191.7,200.0
S0NY00410,"GILLIBRAND, KIRSTEN",I,DEM,9798986.57,0.0,4446971.88,NY,0.0,734947.67,0.0,12/31/2024,121214.3,13250.0,45.38,7.5002416295790475,0.0,0.0,734947.67
S6OR00110,"WYDEN, RONALD L.",I,DEM,1533627.54,0.0,665517.58,OR,0.0,309350.0,0.0,12/31/2024,4670.7,2770.7,43.39,20.17112968641656,0.0,0.0,309350.0
S4OK00232,"LANKFORD, JAMES PAUL",I,REP,913857.67,0.0,390441.98,OK,0.0,351050.0,0.0,12/31/2024,7795.0,200.0,42.72,38.41407820103978,0.0,0.0,351050.0
S0ND00093,"HOEVEN, JOHN",I,REP,530749.5,100000.0,217984.65,ND,0.0,213550.0,2020.0,12/31/2024,-1500.0,-500.0,41.07,40.23555368398839,0.4748002588791888,2520.0,213550.0
S2NE00094,"FISCHER, DEBRA S.",I,REP,6555361.2,95547.54,2675034.51,NE,0.0,2295535.0,52800.0,12/31/2024,1900.0,3804.55,40.81,35.01767377821988,0.7474103791565291,48995.45,2295535.0
S8AZ00197,"SINEMA, KYRSTEN",I,IND,5311800.8,0.0,2146870.38,AZ,0.0,818655.0,0.0,12/31/2024,3442733.59,928700.0,40.42,15.412004908015376,0.0,0.0,818655.0
S4UT00282,"CURTIS, JOHN",O,REP,5748063.58,0.0,2319425.97,UT,0.0,2047722.96,0.0,12/31/2024,92899.29,10700.0,40.35,35.62457045751745,0.0,0.0,2047722.96
S4FL00785,"COLUMBUS, JOHN",C,REP,25899.64,0.0,10321.32,FL,0.0,5000.0,0.0,09/30/2024,17.58,0.0,39.85,19.305287641063735,0.0,0.0,5000.0
S4UT00209,"WILSON, BRAD",O,REP,5056856.61,0.0,1958079.83,UT,0.0,63500.0,0.0,12/31/2024,396312.17,16000.0,38.72,1.2557207945036035,0.0,0.0,63500.0
S6SC04197,"FREEMAN, KYLE ODONNELL",,DEM,10503.3,6500.0,4003.3,SC,0.0,0.0,0.0,12/31/2024,0.0,0.0,38.11,0.0,0.0,0.0,0.0
S6IN00191,"YOUNG, TODD CHRISTOPHER",I,REP,1754997.99,0.0,661649.75,IN,0.0,330350.0,0.0,12/31/2024,20767.82,0.0,37.7,18.823383381766725,0.0,0.0,330350.0
S2TX00106,"CORNYN, JOHN SEN",I,REP,3377426.45,0.0,1270535.55,TX,0.0,595022.42,0.0,12/31/2024,8678.75,11500.0,37.62,17.617627765069464,0.0,0.0,595022.42
S6FL00376,"GRAYSON, ALAN MARK",C,DEM,833762.1,3831353.65,307121.38,FL,0.0,0.0,0.0,12/31/2024,540.0,0.0,36.84,0.0,0.0,0.0,0.0
S2FL00581,"GRAYSON, ALAN MARK",C,DEM,833762.1,3831353.65,307121.38,FL,0.0,0.0,0.0,12/31/2024,540.0,0.0,36.84,0.0,0.0,0.0,0.0
S4LA00107,"CASSIDY, WILLIAM M.",I,REP,4060477.24,0.0,1494319.18,LA,0.0,1051618.67,0.0,12/31/2024,31858.97,5000.0,36.8,25.898893352742935,0.0,0.0,1051618.67
S6NC00340,"NICKEL, WILEY",,DEM,2383094.47,926858.01,867468.46,NC,0.0,737073.34,1554.43,12/31/2024,28306.98,49000.0,36.4,30.929253929240996,0.0,0.0,737073.34
S6IL00151,"DURBIN, RICHARD J.",I,DEM,1106383.69,0.0,402296.26,IL,0.0,168775.0,0.0,12/31/2024,7009.25,0.0,36.36,15.254653654556316,0.0,0.0,168775.0
S4WI00173,"ANDERSON, PHILLIP NORMAN",C,IND,52738.95,0.0,19049.73,WI,0.0,0.0,0.0,12/25/2024,0.0,0.0,36.12,0.0,0.0,0.0,0.0
S6WI00152,"ANDERSON, PHILLIP NORMAN",C,LIB,52738.95,0.0,19049.73,WI,0.0,0.0,0.0,12/25/2024,0.0,0.0,36.12,0.0,0.0,0.0,0.0
S0CT00177,"BLUMENTHAL, RICHARD",I,DEM,398539.31,0.0,143085.11,CT,0.0,73054.24,0.0,12/31/2024,283.0,5000.0,35.9,18.330497937581114,0.0,0.0,73054.24
S4VA00247,"EMORD, JONATHAN WALKER MR.",C,REP,893768.61,408100.0,317304.99,VA,0.0,1433.92,0.0,12/31/2024,30350.0,0.0,35.5,0.16043526075501802,0.0,0.0,1433.92
S4ME00121,"KOUZOUNAS, DEMI",C,REP,1027791.62,640276.2,364262.81,ME,0.0,9000.0,3350.0,11/30/2024,1898.95,0.0,35.44,0.8756638821398446,0.32594155612983106,3350.0,9000.0
S2MT00096,"DAINES, STEVE",I,REP,1682254.18,44813.08,588963.55,MT,0.0,693800.0,0.0,12/31/2024,2500.0,12000.0,35.01,41.24228123481316,0.0,0.0,693800.0
S4NJ00441,"SERRANO GLASSNER, CHRISTINE",O,REP,516025.08,89683.36,179280.23,NJ,0.0,36700.0,0.0,12/31/2024,7100.0,3550.0,34.74,7.1120574217051615,0.0,0.0,36700.0
S4WV00407,"MCNULTY, JANET",O,REP,671.6,0.0,226.14,WV,,0.0,0.0,12/31/2024,0.0,0.0,33.67,0.0,0.0,0.0,0.0
S0WY00137,"LUMMIS, CYNTHIA MARIE MRS.",I,REP,805805.6,0.0,268912.2,WY,0.0,405684.83,0.0,12/31/2024,8925.0,0.0,33.37,50.345248283208754,0.0,0.0,405684.83
S4NM00183,"DOMENICI, NELLA LOUISE LOUISE",C,REP,7013192.46,2800000.0,2299469.56,NM,0.0,222264.0,52800.0,12/31/2024,16208.07,1000.0,32.79,3.1692271567861687,0.7386079919443705,51800.0,222264.0
S2SD00068,"THUNE, JOHN R.",I,REP,4163983.31,0.0,1339992.79,SD,0.0,555700.0,0.0,12/31/2024,23719.5,0.0,32.18,13.345394508797876,0.0,0.0,555700.0
S4NJ00508,"CAMPOS-MEDINA, PATRICIA",O,DEM,477182.36,0.0,152182.36,NJ,0.0,5000.0,0.0,06/30/2024,1240.1,0.0,31.89,1.0478174423715076,0.0,0.0,5000.0
S4SD00049,"ROUNDS, MIKE",I,REP,1084383.8,0.0,342206.42,SD,0.0,535150.0,0.0,12/31/2024,3385.0,10000.0,31.56,49.35060815183701,0.0,0.0,535150.0
S4WV00159,"CAPITO, SHELLEY MOORE",I,REP,1001825.11,0.0,315123.11,WV,0.0,572700.0,0.0,12/31/2024,0.0,0.0,31.45,57.16566637065026,0.0,0.0,572700.0
S2MT00062,"JOHNSON, BRADLEY S",C,REP,43094.0,27000.0,13074.17,MT,0.0,0.0,0.0,06/30/2024,0.0,0.0,30.34,0.0,0.0,0.0,0.0
S4MN00569,"LACEY, JOYCE L",C,IDP,3011.72,0.0,892.38,MN,0.0,0.0,250.0,12/31/2024,0.0,0.0,29.63,0.0,8.300904466550676,250.0,0.0
S8ID00027,"CRAPO, MICHAEL D",I,REP,1131919.91,0.0,333407.8,ID,0.0,525025.0,0.0,12/31/2024,10248.68,5000.0,29.46,46.38358203276061,0.0,0.0,525025.0
S4WI00256,"HOVDE, ERIC",C,REP,31958333.2,20000000.0,9292282.65,WI,0.0,423695.0,52800.0,12/31/2024,280228.91,28650.0,29.08,1.325773147643382,0.0755671450349607,24150.0,423695.0
S2WI00268,"HOVDE, ERIC D",C,REP,31958333.2,20000000.0,9292282.65,WI,0.0,423695.0,52800.0,12/31/2024,280228.91,28650.0,29.08,1.325773147643382,0.0755671450349607,24150.0,423695.0
S6NE00129,"RICKETTS, PETE",I,REP,5868605.01,6000.0,1693652.06,NE,0.0,1386294.44,0.0,12/31/2024,6600.0,0.0,28.86,23.622214097520256,0.0,0.0,1386294.44
S8TN00337,"BLACKBURN, MARSHA MRS.",I,REP,13571274.34,0.0,3874099.59,TN,0.0,2143308.88,0.0,12/31/2024,63262.15,14700.0,28.55,15.792981751778514,0.0,0.0,2143308.88
S2OK00186,"MULLIN, MARKWAYNE",I,REP,1659789.12,430251.18,471652.74,OK,0.0,576815.68,0.0,12/31/2024,0.0,2500.0,28.42,34.75234733434088,0.0,0.0,576815.68
S0AR00150,"BOOZMAN, SEN. JOHN",I,REP,726859.47,0.0,190933.42,AR,0.0,440900.0,0.0,12/31/2024,0.0,0.0,26.27,60.65821774324548,0.0,0.0,440900.0
S2NV00415,"LINDEMANN, BARRY",C,REP,65606.04,0.0,16828.52,NV,0.0,0.0,48637.52,09/30/2024,0.0,0.0,25.65,0.0,74.13573506341794,48637.52,0.0
S4NY00404,"SAPRAICONE, MICHAEL",C,REP,1417733.96,635209.0,362788.15,NY,0.0,7750.0,2500.0,12/31/2024,10049.82,500.0,25.59,0.5466469886917289,0.14107019063012358,2000.0,7750.0
S4NJ00391,"MAIA-CUSICK, SHIRLEY",O,REP,362403.71,0.0,90741.35,NJ,0.0,250.0,0.0,12/31/2023,0.0,0.0,25.04,0.06898384125261853,0.0,0.0,250.0
S0KS00315,"MARSHALL, ROGER W",I,REP,1474616.76,0.0,368718.18,KS,0.0,836819.62,0.0,12/31/2024,5909.05,2000.0,25.0,56.74827810854395,0.0,0.0,836819.62
S4CT00195,"PAGLINO, JUSTIN COBB DR",C,GRE,17849.65,12000.0,4402.0,CT,0.0,0.0,0.0,12/31/2024,0.0,0.0,24.66,0.0,0.0,0.0,0.0
S4MT00175,"MYGLAND, JEREMY",C,REP,35717.24,27000.0,8642.24,MT,0.0,75.0,0.0,12/31/2023,0.0,0.0,24.2,0.20998263023682684,0.0,0.0,75.0
S0WV00090,"MANCHIN, JOE III",I,DEM,2997445.59,0.0,718032.2,WV,0.0,392500.0,0.0,12/31/2024,2709567.99,379300.0,23.95,13.094482892681967,0.0,0.0,392500.0
S4ME00113,"COSTELLO, DAVID ALLEN",C,DEM,111307.55,0.0,26517.81,ME,0.0,0.0,0.0,12/12/2024,0.0,0.0,23.82,0.0,0.0,0.0,0.0
S2CO00175,"AADLAND, ERIK",C,REP,222.82,0.0,50.0,CO,0.0,0.0,0.0,10/12/2023,0.0,0.0,22.44,0.0,0.0,0.0,0.0
S4NV00247,"KENNEDY, RONDA",C,REP,27686.24,0.0,6186.24,NV,0.0,0.0,0.0,07/02/2024,0.0,0.0,22.34,0.0,0.0,0.0,0.0
S4UT00324,"BOWEN, CARLTON E.",O,IAP,31444.64,0.0,6875.83,UT,0.0,0.0,0.0,12/31/2024,0.0,0.0,21.87,0.0,0.0,0.0,0.0
S4MA00341,"PACKARD, AARON L",C,REP,630.14,500.01,130.13,MA,0.0,0.0,0.0,12/31/2023,0.0,0.0,20.65,0.0,0.0,0.0,0.0
S4UT00290,"HATCH, BRENT ORRIN",O,REP,1264246.3,311236.55,259515.34,UT,0.0,5000.0,0.0,12/31/2024,92675.0,0.0,20.53,0.3954925555249795,0.0,0.0,5000.0
S2VT00235,"WELCH, PETER",I,DEM,330882.07,0.0,67398.72,VT,0.0,43110.0,0.0,12/31/2024,355.0,110.0,20.37,13.02881114108117,0.0,0.0,43110.0
S2WA00510,"GUENTHER, JOHN",C,REP,8368.35,0.0,1650.0,WA,,250.0,0.0,10/01/2024,0.0,0.0,19.72,2.987446748761703,0.0,0.0,250.0
S4WA00607,"GUENTHER, JOHN",C,REP,8368.35,0.0,1650.0,WA,0.0,250.0,0.0,10/01/2024,0.0,0.0,19.72,2.987446748761703,0.0,0.0,250.0
S2AZ00356,"BRNOVICH, MARK MR.",C,REP,78.65,463173.45,15.0,AZ,0.0,0.0,0.0,12/31/2024,0.0,0.0,19.07,0.0,0.0,0.0,0.0
S2PA00638,"OZ, MEHMET DR",O,REP,663085.61,25513728.81,125785.49,PA,0.0,0.0,0.0,12/31/2024,-7140.33,0.0,18.97,0.0,0.0,0.0,0.0
S2OH00477,"DOLAN, MATT",C,REP,12722612.85,12697000.0,2365741.74,OH,0.0,49975.0,0.0,12/31/2024,501608.95,9800.0,18.59,0.3928045330719939,0.0,0.0,49975.0
S4MO00284,"YOUNG, JARED",C,IND,1004183.45,810000.0,186683.45,MO,0.0,7500.0,0.0,11/25/2024,0.0,0.0,18.59,0.7468754837574748,0.0,0.0,7500.0
S4NV00304,"GUNTER, JEFF DR",C,REP,3468774.36,2763394.15,640652.97,NV,0.0,4300.0,0.0,12/31/2024,38922.93,0.0,18.47,0.12396309340801286,0.0,0.0,4300.0
S2WA00387,"SMILEY, TIFFANY",C,REP,943567.78,257430.51,172947.48,WA,0.0,0.0,0.0,12/31/2024,37139.91,0.0,18.33,0.0,0.0,0.0,0.0
S6IL00391,"BENNETT, DOUGLAS",,REP,12000.0,115600.0,2000.0,IL,0.0,0.0,0.0,12/31/2024,0.0,0.0,16.67,0.0,0.0,0.0,0.0
S8FL00273,"SCOTT, RICK SEN",I,REP,36696093.1,24138834.0,5556639.68,FL,0.0,991223.07,52800.0,12/31/2024,107741.38,0.0,15.14,2.701167852661677,0.14388452704247146,52800.0,991223.07
S4MI00454,"HOOVER, MICHAEL",O,REP,236591.72,72992.99,35229.31,MI,0.0,0.0,0.0,12/31/2024,695.0,0.0,14.89,0.0,0.0,0.0,0.0
S4PA00287,"FORKNER, WILLIAM",C,DEM,6008.97,0.0,853.0,PA,0.0,0.0,0.0,12/31/2024,0.0,0.0,14.2,0.0,0.0,0.0,0.0
S6NJ00271,"KEAN, THOMAS H JR",C,REP,15100.0,112000.0,2100.0,NJ,0.0,13000.0,0.0,12/31/2024,0.0,0.0,13.91,86.09271523178808,0.0,0.0,13000.0
S4UT00225,"BIRD, ROD JR.",O,REP,1246161.03,0.0,171061.47,UT,0.0,0.0,0.0,09/11/2024,0.0,0.0,13.73,0.0,0.0,0.0,0.0
S4DE00094,"HANSEN, ERIC",O,REP,1015951.4,118000.0,131912.56,DE,0.0,9470.0,0.0,12/31/2024,7979.48,1200.0,12.98,0.9321312023390096,0.0,0.0,9470.0
S6LA00318,"FLEMING, JOHN C. JR.",,REP,36285.0,528998.0,4285.0,LA,0.0,2000.0,0.0,12/31/2024,0.0,0.0,11.81,5.511919525974921,0.0,0.0,2000.0
S2AK00127,"TSHIBAKA, KELLY",C,REP,9947.15,0.0,1144.46,AK,0.0,0.0,0.0,12/31/2024,1100.0,0.0,11.51,0.0,0.0,0.0,0.0
S4NJ00557,"ZDAN, ALEXANDER",O,REP,50824.86,25000.0,5824.86,NJ,0.0,0.0,0.0,06/30/2024,0.0,0.0,11.46,0.0,0.0,0.0,0.0
S4CA00688,"INAM, ZAFAR",O,DEM,3931.0,3495.0,436.0,CA,0.0,0.0,0.0,12/31/2024,0.0,0.0,11.09,0.0,0.0,0.0,0.0
S0KS00091,"MORAN, JERRY",I,REP,1805895.59,23377.44,199675.9,KS,0.0,499850.0,0.0,12/31/2024,7640.0,5000.0,11.06,27.67878734340339,0.0,0.0,499850.0
S6MD03177,"CARDIN, BENJAMIN L",I,DEM,30982.35,0.0,3118.0,MD,0.0,18500.0,0.0,12/31/2024,23600.0,29900.0,10.06,59.71141633865733,0.0,0.0,18500.0
S4UT00316,"WALTON, JASON",O,REP,2932944.99,0.0,284266.12,UT,0.0,2500.0,0.0,12/31/2024,55076.04,0.0,9.69,0.08523855744051988,0.0,0.0,2500.0
S4FL00538,"HORAN, DONALD",C,DEM,73455.0,0.0,5455.0,FL,0.0,0.0,0.0,09/29/2023,0.0,0.0,7.43,0.0,0.0,0.0,0.0
S4FL00637,"CAMPBELL, STANLEY",C,DEM,1509617.41,1401000.0,108617.41,FL,0.0,0.0,0.0,12/31/2024,0.0,0.0,7.2,0.0,0.0,0.0,0.0
S4MD00517,"MYRICK, JOHN",O,REP,8019.23,0.0,560.0,MD,0.0,0.0,0.0,06/30/2024,0.0,0.0,6.98,0.0,0.0,0.0,0.0
S2NV00324,"LAXALT, ADAM",C,REP,19195.41,0.0,1000.0,NV,0.0,0.0,0.0,12/31/2024,22492.87,0.0,5.21,0.0,0.0,0.0,0.0
S4CA00761,"SINGH, MAJOR",O,NOP,4201.0,20827.98,201.0,CA,,0.0,0.0,12/31/2024,0.0,0.0,4.78,0.0,0.0,0.0,0.0
S6VA00143,"FARINGTON, KIM",,REP,3591.5,0.0,156.15,VA,0.0,0.0,0.0,12/31/2024,0.0,0.0,4.35,0.0,0.0,0.0,0.0
S0TX00357,"CASTRO, JOHN ANTHONY",C,REP,23998.74,0.0,834.24,TX,0.0,0.0,0.0,03/15/2024,0.0,0.0,3.48,0.0,0.0,0.0,0.0
S4MI00678,"WILSON, GLENN ALLEN",O,REP,298954.93,0.0,9666.22,MI,0.0,0.0,0.0,10/29/2024,0.0,0.0,3.23,0.0,0.0,0.0,0.0
S4CA00993,"KUMAR, HARMESH",O,DEM,16528.0,10000.0,528.0,CA,,0.0,0.0,09/30/2023,0.0,0.0,3.19,0.0,0.0,0.0,0.0
S4MT00217,"HUMMERT, MICHAEL",C,DEM,7230.0,4850.0,230.0,MT,,0.0,0.0,12/31/2024,0.0,0.0,3.18,0.0,0.0,0.0,0.0
S4TX00714,"MANNING, ZACHARIAH C.",C,DEM,4060.11,20930.07,126.1,TX,0.0,0.0,0.0,12/31/2023,0.0,0.0,3.11,0.0,0.0,0.0,0.0
S2IA00164,"FINKENAUER, ABBY",C,DEM,86850.99,321625.32,2208.0,IA,0.0,0.0,0.0,12/31/2024,1010.0,0.0,2.54,0.0,0.0,0.0,0.0
S4WY00162,"RASNER, REID",C,REP,1334150.64,50000.0,30906.0,WY,0.0,0.0,0.0,12/31/2024,0.0,0.0,2.32,0.0,0.0,0.0,0.0
S2CA01060,"MEUSER, MARK",C,REP,14639.57,0.0,319.31,CA,0.0,0.0,0.0,06/30/2023,0.0,0.0,2.18,0.0,0.0,0.0,0.0
S4FL00553,"GROSS, KEITH",C,REP,2623989.25,2384375.93,49314.17,FL,0.0,0.0,0.0,09/30/2024,3299.0,0.0,1.88,0.0,0.0,0.0,0.0
S4NY00362,"EISEN, JOSHUA DR.",C,REP,305744.0,250000.0,5744.0,NY,0.0,0.0,0.0,06/30/2024,0.0,0.0,1.88,0.0,0.0,0.0,0.0
S4WV00365,"MCKINNEY, BRYAN",O,REP,7225.14,0.0,135.0,WV,0.0,0.0,0.0,12/31/2023,0.0,0.0,1.87,0.0,0.0,0.0,0.0
S2OH00170,"MANDEL, JOSHUA A.",O,REP,20613.2,122480.92,316.52,OH,0.0,0.0,0.0,12/31/2024,-55362.76,0.0,1.54,0.0,0.0,0.0,0.0
S4MD00319,"TRONE, DAVID",O,DEM,63833136.59,73680994.0,853811.58,MD,0.0,5000.0,0.0,12/31/2024,145766.73,2000.0,1.34,0.007832922314494712,0.0,0.0,5000.0
S6SC04189,"HOLLIMAN, ETHAN CLAY",,REP,20270.0,10000.0,270.0,SC,0.0,0.0,0.0,12/31/2024,0.0,0.0,1.33,0.0,0.0,0.0,0.0
S4VT00173,"HILL, MATT FOR",C,LIB,15511.45,0.0,100.0,VT,0.0,0.0,0.0,12/03/2024,0.0,0.0,0.64,0.0,0.0,0.0,0.0
S2CA00872,"LIEW, SARAH DR.",O,REP,48420.0,292059.24,300.0,CA,0.0,0.0,0.0,09/30/2024,0.0,0.0,0.62,0.0,0.0,0.0,0.0
S8MI00281,"STABENOW, DEBBIE",I,DEM,174791.22,0.0,961.5,MI,0.0,0.0,0.0,12/31/2024,629784.29,156118.25,0.55,0.0,0.0,0.0,0.0
S4MD00293,"FICKER, ROBIN",O,REP,4430739.88,0.0,21130.0,MD,0.0,0.0,0.0,12/31/2024,1241.0,0.0,0.48,0.0,0.0,0.0,0.0
S0NH00326,"BOLDUC, DONALD C.",C,REP,106390.44,0.0,476.4,NH,0.0,0.0,0.0,12/31/2024,0.0,0.0,0.45,0.0,0.0,0.0,0.0
S6OH00155,"HACKETT, PAUL III",C,DEM,12229.92,72146.0,50.0,OH,0.0,10000.0,0.0,12/31/2024,0.0,0.0,0.41,81.76668367413687,0.0,0.0,10000.0
S8IN00171,"BRAUN, MIKE",I,REP,246006.03,486069.24,801.62,IN,0.0,0.0,0.0,12/31/2024,301118.01,35500.0,0.33,0.0,0.0,0.0,0.0
S4IN00253,"RUST, JOHN",O,REP,2992413.25,0.0,9439.4,IN,0.0,422.78,0.0,06/30/2024,2700.0,3386.73,0.32,0.014128396203298458,0.0,0.0,422.78
S4TX00797,"JR, RUFINO MR",C,REP,67200.0,6000.0,200.0,TX,0.0,0.0,0.0,04/15/2024,0.0,0.0,0.3,0.0,0.0,0.0,0.0
S0CA00199,"FEINSTEIN, DIANNE",I,DEM,501127.5,0.0,1127.5,CA,0.0,0.0,0.0,03/31/2023,0.0,0.0,0.22,0.0,0.0,0.0,0.0
S8MI00414,"PENSLER, SANDY",O,REP,4960161.62,0.0,10161.62,MI,0.0,0.0,0.0,09/30/2024,0.0,0.0,0.2,0.0,0.0,0.0,0.0
S4MI00579,"SAVAGE, SHARON MAUREEN",O,REP,100130.61,0.0,91.61,MI,0.0,0.0,0.0,12/31/2024,0.0,0.0,0.09,0.0,0.0,0.0,0.0
S4ME00147,"CHERRY, JASON SETH",C,IND,110021.44,55000.0,21.44,ME,0.0,0.0,0.0,12/22/2024,0.0,0.0,0.02,0.0,0.0,0.0,0.0
S4RI00119,"COSTA, MICHAEL J",C,DEM,252336.34,0.0,35.0,RI,0.0,0.0,0.0,09/30/2024,0.0,0.0,0.01,0.0,0.0,0.0,0.0
S0IL00501,"HUBBARD, PEGGY",C,REP,44.0,0.0,0.0,IL,0.0,0.0,0.0,12/31/2024,0.0,0.0,0.0,0.0,0.0,0.0,0.0
S2IA00172,"FRANKEN, MICHAEL T",C,DEM,1073.33,0.0,0.0,IA,0.0,0.0,0.0,12/31/2024,3922.0,0.0,0.0,0.0,0.0,0.0,0.0
S6ID00104,"WRITZ, RAYMOND J",C,CON,190.0,0.0,0.0,ID,0.0,0.0,0.0,03/31/2023,0.0,0.0,0.0,0.0,0.0,0.0,0.0
S2KY00111,"GAO, RUTH DR.",C,DEM,336.0,0.0,0.0,KY,0.0,0.0,0.0,01/31/2023,0.0,0.0,0.0,0.0,0.0,0.0,0.0
S2ID00145,"CLEVELAND, SCOTT OH",C,UN,100.0,0.0,0.0,ID,0.0,0.0,0.0,06/30/2024,0.0,0.0,0.0,0.0,0.0,0.0,0.0
S2KS00113,"HOLLAND, MARK R. REV.",C,DEM,3184.21,0.0,0.0,KS,0.0,0.0,0.0,06/30/2023,0.0,0.0,0.0,0.0,0.0,0.0,0.0
S8IN00049,"BAYH, EVAN",O,DEM,503519.3,0.0,0.0,IN,0.0,0.0,0.0,12/31/2024,0.0,0.0,0.0,0.0,0.0,0.0,0.0
S0KS00307,"REDDI, USHA",O,DEM,74.21,0.0,0.0,KS,0.0,0.0,0.0,12/31/2024,0.0,0.0,0.0,0.0,0.0,0.0,0.0
S2IN00091,"DONNELLY, JOSEPH S",I,DEM,6.73,0.0,0.0,IN,0.0,0.0,0.0,12/31/2024,0.0,0.0,0.0,0.0,0.0,0.0,0.0
S0IN00061,"HILL, BARON P",O,DEM,4156.58,0.0,0.0,IN,0.0,0.0,0.0,12/31/2024,0.0,0.0,0.0,0.0,0.0,0.0,0.0
S8IN00189,"ROKITA, THEODORE EDWARD",C,REP,7.47,0.0,0.0,IN,0.0,0.0,0.0,12/31/2024,0.0,0.0,0.0,0.0,0.0,0.0,0.0
S2VT00334,"EVANS-FRANTZ, ISAAC",O,DEM,3.6,0.0,0.0,VT,0.0,0.0,0.0,12/31/2024,0.0,0.0,0.0,0.0,0.0,0.0,0.0
S2IL00267,"SALVI, KATHY RAYE",C,REP,1324.55,0.05,0.0,IL,0.0,0.0,0.0,03/31/2023,0.0,0.0,0.0,0.0,0.0,0.0,0.0
S2WI00342,"LASRY, ALEX",C,DEM,6803.4,14035000.0,0.0,WI,0.0,0.0,0.0,12/31/2024,0.0,0.0,0.0,0.0,0.0,0.0,0.0
S0IA00176,"GREENFIELD, THERESA",C,DEM,300.0,0.0,0.0,IA,0.0,0.0,0.0,12/31/2024,0.0,0.0,0.0,0.0,0.0,0.0,0.0
S6GA00119,"ISAKSON, JOHN HARDY",I,REP,99.96,0.0,0.0,GA,0.0,0.0,0.0,06/27/2023,0.0,0.0,0.0,0.0,0.0,0.0,0.0
S2AL00251,"BOYD, WILLIE EUGENE DR. JR.",O,DEM,255.15,0.0,0.0,AL,0.0,0.0,0.0,05/31/2023,0.0,0.0,0.0,0.0,0.0,0.0,0.0
S6AL00013,"SHELBY, RICHARD C",I,REP,14315.74,0.0,0.0,AL,0.0,0.0,0.0,09/30/2023,-1000.0,-277.78,0.0,0.0,1.9403817057308945,277.78,0.0
S4WV00423,"LINDSAY, DONALD",O,REP,9792.33,0.0,0.0,WV,,0.0,0.0,12/31/2024,0.0,0.0,0.0,0.0,0.0,0.0,0.0
S0AZ00376,"MCCARTHY, DANIEL",C,REP,3001.13,514648.5,0.0,AZ,0.0,0.0,0.0,12/31/2024,0.0,0.0,0.0,0.0,0.0,0.0,0.0
S2AZ00331,"LAMON, JIM MR",C,REP,16102.99,18437111.07,0.0,AZ,0.0,0.0,0.0,12/31/2024,0.0,0.0,0.0,0.0,0.0,0.0,0.0
S6WV00063,"LAWHORN, ZANE RENE",O,REP,50452.9,0.0,0.0,WV,0.0,0.0,0.0,05/14/2024,0.0,0.0,0.0,0.0,0.0,0.0,0.0
S2AZ00372,"MASTERS, BLAKE",C,REP,3234.75,0.0,0.0,AZ,0.0,0.0,0.0,12/31/2024,7267.28,0.0,0.0,0.0,0.0,0.0,0.0
S2AZ00380,"OLSON, JUSTIN",C,REP,4362.61,0.01,0.0,AZ,0.0,0.0,0.0,10/13/2024,0.0,0.0,0.0,0.0,0.0,0.0,0.0
S2AZ00299,"VICTOR, MARC J",C,LIB,200.0,0.0,0.0,AZ,0.0,0.0,0.0,09/26/2023,0.0,0.0,0.0,0.0,0.0,0.0,0.0
S8WV00150,"BLANKENSHIP, DON",O,DEM,175303.25,0.0,0.0,WV,0.0,1000.0,0.0,07/14/2024,30291.38,0.0,0.0,0.5704400802609193,0.0,0.0,1000.0
S2CA01284,"O'DOWD, DAN",C,DEM,97109.27,0.0,0.0,CA,0.0,0.0,0.0,02/15/2023,0.0,0.0,0.0,0.0,0.0,0.0,0.0
S4CA00704,"ROSE, JOHN",O,DEM,6317.73,6317.73,0.0,CA,0.0,0.0,0.0,12/31/2024,0.0,0.0,0.0,0.0,0.0,0.0,0.0
S4CA00712,"ROSE, JOHN DAVID",O,DEM,6317.73,6317.73,0.0,CA,0.0,0.0,0.0,12/31/2024,0.0,0.0,0.0,0.0,0.0,0.0,0.0
S8CA00416,"HARTSON, ALISON",C,DEM,34.69,118908.05,0.0,CA,0.0,0.0,0.0,09/30/2023,0.0,0.0,0.0,0.0,0.0,0.0,0.0
S4CA00662,"HAND, JEHU THOMAS DE GEROLD",O,REP,985.12,0.0,0.0,CA,0.0,0.0,0.0,03/31/2024,0.0,0.0,0.0,0.0,0.0,0.0,0.0
S8DE00129,"TRUONO, EUGENE (GENE) J JR",C,REP,9154.0,205837.11,0.0,DE,0.0,0.0,0.0,12/31/2024,0.0,0.0,0.0,0.0,0.0,0.0,0.0
S4DE00128,"KATZ, MIKE DR.",O,IND,31671.75,0.0,0.0,DE,0.0,0.0,0.0,11/26/2024,0.0,0.0,0.0,0.0,0.0,0.0,0.0
S2GA00175,"SADDLER, LATHAM",C,REP,1554.25,15790.16,0.0,GA,0.0,0.0,0.0,12/31/2023,0.0,0.0,0.0,0.0,0.0,0.0,0.0
S2LA00135,"MIXON, LUKE",C,DEM,176.54,0.0,0.0,LA,0.0,0.0,0.0,07/10/2023,32385.33,0.0,0.0,0.0,0.0,0.0,0.0
S2GA00209,"BLACK, GARY",C,REP,1291.66,0.0,0.0,GA,0.0,0.0,0.0,03/31/2023,0.0,0.0,0.0,0.0,0.0,0.0,0.0
S0WI00247,"NELSON, TOM",O,DEM,9090.0,0.0,0.0,WI,0.0,0.0,0.0,12/19/2023,2100.0,0.0,0.0,0.0,0.0,0.0,0.0
S2KY00137,"STAINFIELD, TAMI L.",C,REP,15811.78,0.0,0.0,KY,0.0,0.0,0.0,12/31/2023,0.0,0.0,0.0,0.0,0.0,0.0,0.0
S0ME00111,"GIDEON, SARA",C,DEM,261781.51,0.0,0.0,ME,0.0,0.0,0.0,12/31/2024,5872.32,0.0,0.0,0.0,0.0,0.0,0.0
S4LA00040,"JOHN, CHRIS",C,DEM,30.0,126480.15,0.0,LA,0.0,0.0,0.0,12/31/2024,0.0,0.0,0.0,0.0,0.0,0.0,0.0
S6LA00490,"HOLDER, CHRISTOPHER LEE MR.",,REP,7600.0,7600.0,0.0,LA,0.0,0.0,0.0,12/31/2024,0.0,0.0,0.0,0.0,0.0,0.0,0.0
S4NV00387,"SCHAEFER, MIKE",C,DEM,15128.92,0.0,0.0,NV,,0.0,0.0,05/24/2024,0.0,0.0,0.0,0.0,0.0,0.0,0.0
S0NY00667,"SALEM, KHALED MR",C,DEM,16000.0,16000.0,0.0,NY,0.0,0.0,0.0,09/30/2024,0.0,0.0,0.0,0.0,0.0,0.0,0.0
S4NY00271,"SALEM, KHALED",C,DEM,16000.0,16000.0,0.0,NY,0.0,0.0,0.0,09/30/2024,0.0,0.0,0.0,0.0,0.0,0.0,0.0
S0TX00324,"BELL, ROBERT CHRISTOPHER MR.",C,DEM,14550.0,0.0,0.0,TX,0.0,0.0,0.0,09/30/2023,10825.0,0.0,0.0,0.0,0.0,0.0,0.0
S8TN00352,"FINCHER, STEPHEN",O,REP,23908.95,0.0,0.0,TN,0.0,0.0,0.0,12/31/2024,0.0,0.0,0.0,0.0,0.0,0.0,0.0
S0OH00133,"PORTMAN, ROB THE HONORA",I,REP,184205.25,0.0,0.0,OH,0.0,0.0,0.0,12/31/2024,0.0,27000.0,0.0,0.0,0.0,0.0,0.0
S6TN00216,"CORKER, ROBERT P JR",I,REP,1655020.7,0.0,0.0,TN,0.0,0.0,0.0,12/31/2024,0.0,0.0,0.0,0.0,0.0,0.0,0.0
S0TN00144,"SETHI, DR. MANNY",O,REP,90.38,2472311.47,0.0,TN,0.0,0.0,0.0,12/31/2024,0.0,0.0,0.0,0.0,0.0,0.0,0.0
S2OH00287,"PUKITA, MARK MR.",O,REP,2621.0,463764.11,0.0,OH,0.0,0.0,0.0,12/31/2024,0.0,0.0,0.0,0.0,0.0,0.0,0.0
S2OH00360,"TIMKEN, JANE",O,REP,1671.58,4060000.0,0.0,OH,0.0,0.0,0.0,12/31/2024,0.0,0.0,0.0,0.0,0.0,0.0,0.0
S8OH00086,"GIBBONS, MICHAEL",O,REP,1035.83,0.0,0.0,OH,0.0,0.0,0.0,03/31/2024,-200.0,0.0,0.0,0.0,0.0,0.0,0.0
S8OH00144,"FARIS, STEPHEN I MR",C,W,1568.56,0.0,0.0,OH,0.0,0.0,0.0,12/31/2024,0.0,0.0,0.0,0.0,0.0,0.0,0.0
S2OK00228,"HORN, KENDRA",O,DEM,7142.12,0.0,0.0,OK,0.0,0.0,0.0,05/23/2023,0.0,0.0,0.0,0.0,0.0,0.0,0.0
S2OK00194,"HOLLAND, LUCAS",O,REP,12256.26,167140.16,0.0,OK,0.0,0.0,0.0,12/31/2024,0.0,0.0,0.0,0.0,0.0,0.0,0.0
S2SD00126,"BENGS, BRIAN L",C,DEM,2835.34,0.0,0.0,SD,0.0,0.0,0.0,03/31/2023,1469.33,0.0,0.0,0.0,0.0,0.0,0.0
S2OK00269,"BAKER, DENNIS",C,DEM,10.48,0.0,0.0,OK,,0.0,0.0,06/30/2023,0.0,0.0,0.0,0.0,0.0,0.0,0.0
S2OR00168,"HARBICK, DARIN",C,REP,140442.11,0.0,0.0,OR,0.0,0.0,0.0,05/29/2024,0.0,0.0,0.0,0.0,0.0,0.0,0.0
S2PA00463,"ARKOOSH, VALERIE",O,DEM,10653.0,0.0,0.0,PA,0.0,0.0,0.0,02/22/2023,100.0,0.0,0.0,0.0,0.0,0.0,0.0
S0SC00289,"HARRISON, JAIME",C,DEM,985737.15,0.0,0.0,SC,0.0,0.0,0.0,12/31/2024,-15888.33,0.0,0.0,0.0,0.0,0.0,0.0
S2PA00562,"LAMB, CONOR",O,DEM,39385.38,0.0,0.0,PA,0.0,0.0,0.0,09/13/2023,0.0,0.0,0.0,0.0,0.0,0.0,0.0
S2PA00489,"BARNETTE, KATHY",O,REP,4000.0,0.0,0.0,PA,0.0,0.0,0.0,07/31/2024,0.0,0.0,0.0,0.0,0.0,0.0,0.0
S4NM00209,"ROBERTS, JOHN THOMAS",C,REP,1537.0,0.0,0.0,NM,0.0,0.0,0.0,03/31/2024,0.0,0.0,0.0,0.0,0.0,0.0,0.0
S4NM00191,"ROBERTS, JOHN THOMAS",C,REP,1537.0,0.0,0.0,NM,0.0,0.0,0.0,03/31/2024,0.0,0.0,0.0,0.0,0.0,0.0,0.0
S8NJ00392,"ANDREWS, ROBERT E",C,DEM,89.82,114656.39,0.0,NJ,0.0,0.0,0.0,12/31/2024,0.0,0.0,0.0,0.0,0.0,0.0,0.0
S0NJ00068,"BYRNE, BRENDAN THOMAS JR",C,DEM,70174.26,0.0,0.0,NJ,0.0,0.0,0.0,12/31/2024,0.0,0.0,0.0,0.0,0.0,0.0,0.0
S2UT00369,"MCMULLIN, DAVID EVAN",C,UN,21317.3,0.0,0.0,UT,0.0,0.0,0.0,12/31/2024,0.0,0.0,0.0,0.0,0.0,0.0,0.0
S4PA00196,"VODVARKA, JOSEPH JOHN",C,REP,10651.13,0.0,0.0,PA,0.0,0.0,0.0,03/31/2024,0.0,0.0,0.0,0.0,0.0,0.0,0.0
S8MI00372,"JAMES, JOHN",C,REP,134570.59,0.0,0.0,MI,0.0,0.0,0.0,12/31/2024,0.0,0.0,0.0,0.0,0.0,0.0,0.0
S8MN00438,"FRANKEN, AL",I,DEM,139542.26,0.0,0.0,MN,0.0,0.0,0.0,12/31/2024,0.0,0.0,0.0,0.0,0.0,0.0,0.0
S8MN00586,"HOUSLEY, KARIN",C,REP,650.0,0.0,0.0,MN,0.0,0.0,0.0,12/31/2024,0.0,0.0,0.0,0.0,0.0,0.0,0.0
S4MN00551,"PETERSEN, RAYMOND DAVID",C,REP,3641.62,0.0,0.0,MN,,0.0,0.0,12/31/2024,0.0,0.0,0.0,0.0,0.0,0.0,0.0
S2UT00344,"ISOM, ALLY",C,REP,105.57,0.0,0.0,UT,0.0,0.0,0.0,03/31/2023,60.57,0.0,0.0,0.0,0.0,0.0,0.0
S2MO00692,"BUSCH VALENTINE, TRUDY",O,DEM,26410.95,0.0,0.0,MO,0.0,0.0,0.0,07/25/2023,181.0,0.0,0.0,0.0,0.0,0.0,0.0
S2MO00536,"GREITENS, ERIC",O,REP,5081.0,76963.5,0.0,MO,0.0,2900.0,0.0,12/31/2024,0.0,0.0,0.0,57.075378862428664,0.0,0.0,2900.0
S2UT00385,"WESTON, JOHN",C,DEM,1150.0,0.0,0.0,UT,0.0,0.0,0.0,10/02/2023,0.0,0.0,0.0,0.0,0.0,0.0,0.0
S2MO00742,"HARRIS, RONALD",O,DEM,200.0,9420.02,0.0,MO,,0.0,0.0,12/31/2024,0.0,0.0,0.0,0.0,0.0,0.0,0.0
S6MT00238,"NEILL, REILLY",,DEM,4165.17,0.0,0.0,MT,0.0,0.0,0.0,12/31/2024,0.0,0.0,0.0,0.0,0.0,0.0,0.0
S8MT00218,"DOWNING, TROY",C,REP,22021.94,250000.0,0.0,MT,0.0,0.0,0.0,12/31/2024,0.0,0.0,0.0,0.0,0.0,0.0,0.0
S2NC00497,"BEASLEY, CHERI",O,DEM,201673.04,0.0,0.0,NC,0.0,0.0,0.0,12/31/2024,99674.64,-400.0,0.0,0.0,0.19834083921182522,400.0,0.0
S2NC00273,"BRIAN, LEE ANDREA MS",O,REP,100.3,0.0,0.0,NC,0.0,0.0,0.0,10/15/2024,20.0,0.0,0.0,0.0,0.0,0.0,0.0
S2NC00489,"MCCRORY, PATRICK LLOYD",O,REP,194.02,0.0,0.0,NC,0.0,0.0,0.0,07/05/2024,0.0,0.0,0.0,0.0,0.0,0.0,0.0
S2NC00562,"HOH, MATTHEW PATRICK MR",O,GRE,106.7,0.0,0.0,NC,0.0,0.0,0.0,07/10/2023,0.0,0.0,0.0,0.0,0.0,0.0,0.0
S4NE00090,"SASSE, BENJAMIN E.",I,REP,2100.0,0.0,0.0,NE,0.0,0.0,0.0,12/31/2024,215850.0,4500.0,0.0,0.0,0.0,0.0,0.0
S2NH00249,"MORSE, CHUCK",,REP,8523.94,0.0,0.0,NH,0.0,0.0,0.0,10/31/2023,0.0,0.0,0.0,0.0,0.0,0.0,0.0
S2AK00226,"CHESBRO, PATRICIA",C,DEM,7.0,0.0,0.0,AK,0.0,0.0,0.0,03/07/2023,0.0,0.0,0.0,0.0,0.0,0.0,0.0
S8UT00176,"ROMNEY, WILLARD MITT MR",I,REP,1237434.21,0.0,-15664.67,UT,0.0,168500.0,0.0,12/31/2024,88404.55,120500.0,-1.27,13.616885539312834,0.0,0.0,168500.0
S2GA00225,"WALKER, HERSCHEL MR.",C,REP,1071890.77,0.0,-118173.12,GA,0.0,0.0,0.0,12/31/2024,27510.05,0.0,-11.02,0.0,0.0,0.0,0.0
S2CT00314,"LEVY, LEORA",C,REP,155.25,0.0,-100.0,CT,0.0,0.0,0.0,07/31/2023,5900.0,0.0,-64.41,0.0,0.0,0.0,0.0
S0AK00121,"MILLER, JOSEPH W",C,LIB,0.0,23329.3,0.0,AK,0.0,0.0,0.0,03/31/2024,0.0,0.0,,0.0,0.0,0.0,0.0
S6AL00302,"CRUMPTON, RONALD (RON) STEVEN",C,DEM,0.0,0.0,0.0,AL,0.0,0.0,0.0,12/31/2024,0.0,0.0,,0.0,0.0,0.0,0.0
S0AL00206,"BYRNE, BRADLEY ROBERTS",C,REP,0.0,0.0,0.0,AL,0.0,0.0,0.0,12/31/2024,0.0,0.0,,0.0,0.0,0.0,0.0
S0AL00289,"MERRILL, JOHN H",C,REP,0.0,0.0,0.0,AL,0.0,0.0,0.0,12/31/2024,0.0,0.0,,0.0,0.0,0.0,0.0
S2AL00152,"TAYLOR, JESSICA",O,REP,0.0,175990.61,0.0,AL,0.0,0.0,0.0,12/31/2024,0.0,0.0,,0.0,0.0,0.0,0.0
S2AL00160,"SCHAFER, JACOB MARC",O,REP,0.0,0.0,0.0,AL,0.0,0.0,0.0,01/28/2023,0.0,0.0,,0.0,0.0,0.0,0.0
S8AL00308,"STRANGE, LUTHER J III",I,REP,0.0,179329.61,0.0,AL,0.0,0.0,0.0,12/31/2024,0.0,0.0,,0.0,0.0,0.0,0.0
S8AL00381,"BROOKS, MO",O,REP,0.0,0.0,0.0,AL,0.0,0.0,0.0,03/31/2023,-13700.0,0.0,,0.0,0.0,0.0,0.0
S2AR00115,"JAMES, NATALIE",C,DEM,0.0,5910.62,0.0,AR,0.0,0.0,0.0,12/31/2024,0.0,0.0,,0.0,0.0,0.0,0.0
S2AR00107,"BEQUETTE, JAKE MR.",C,REP,0.0,14953.71,0.0,AR,0.0,0.0,0.0,12/31/2024,0.0,0.0,,0.0,0.0,0.0,0.0
S2AZ00141,"FLAKE, JEFF",I,REP,0.0,0.0,0.0,AZ,0.0,0.0,0.0,12/31/2024,0.0,0.0,,0.0,0.0,0.0,0.0
S6AZ00217,"MELUSKEY, ALEXANDER",C,REP,0.0,791373.02,0.0,AZ,0.0,0.0,0.0,12/31/2024,0.0,0.0,,0.0,0.0,0.0,0.0
S4AZ00279,"HERNANDEZ, ARTURO",O,GRE,0.0,0.0,0.0,AZ,0.0,0.0,0.0,03/31/2024,0.0,0.0,,0.0,0.0,0.0,0.0
S2CA01276,"URSICH, TIMOTHY J DR",C,DEM,0.0,15388.46,0.0,CA,0.0,0.0,0.0,12/31/2024,0.0,0.0,,0.0,0.0,0.0,0.0
S6CA00691,"SANCHEZ, LORETTA",O,DEM,0.0,0.0,0.0,CA,0.0,0.0,0.0,12/31/2024,0.0,0.0,,0.0,0.0,0.0,0.0
S2CA01003,"HENG, ELIZABETH",C,REP,0.0,88725.88,0.0,CA,0.0,0.0,0.0,12/31/2024,0.0,0.0,,0.0,0.0,0.0,0.0
S2CA01094,"WILLIAMS, CORDIE LEE DR.",C,REP,0.0,44900.0,0.0,CA,0.0,0.0,0.0,12/31/2024,0.0,0.0,,0.0,0.0,0.0,0.0
S2CA01185,"HALL, MYRON LOUIS DR.",C,REP,0.0,85760.0,0.0,CA,0.0,0.0,0.0,09/30/2024,0.0,0.0,,0.0,0.0,0.0,0.0
S2CA01193,"THEODORE, CHRIS",,DEM,0.0,222500.0,0.0,CA,,0.0,0.0,12/31/2024,0.0,0.0,,0.0,0.0,0.0,0.0
S0CO00468,"JOHNSTON, MICHAEL C",C,DEM,0.0,0.0,0.0,CO,0.0,0.0,0.0,12/31/2024,0.0,0.0,,0.0,0.0,0.0,0.0
S2CO00209,"BREMER, ELI",C,REP,0.0,65937.74,0.0,CO,0.0,0.0,0.0,12/31/2024,0.0,0.0,,0.0,0.0,0.0,0.0
S2CO00233,"HANKS, RON",C,REP,0.0,0.0,0.0,CO,0.0,0.0,0.0,04/14/2023,0.0,0.0,,0.0,0.0,0.0,0.0
S2CO00258,"FLORA, DEBORAH",C,REP,0.0,0.0,0.0,CO,0.0,0.0,0.0,01/31/2023,0.0,0.0,,0.0,0.0,0.0,0.0
S4CO00379,"TRUJILLO, FLOYD",C,REP,0.0,102930.68,0.0,CO,0.0,0.0,0.0,12/31/2024,0.0,0.0,,0.0,0.0,0.0,0.0
S0CO00344,"NAPOLITANO, JASON ANDREW",C,IND,0.0,7000.0,0.0,CO,0.0,0.0,0.0,12/31/2024,0.0,0.0,,0.0,0.0,0.0,0.0
S6CO00390,"KUEBLER, JOSHUA WILLIAM",,IND,0.0,0.0,0.0,CO,0.0,0.0,0.0,08/10/2024,0.0,0.0,,0.0,0.0,0.0,0.0
S6CT05090,"WOLF, AUGUST L",C,REP,0.0,0.0,0.0,CT,0.0,0.0,0.0,07/15/2024,0.0,0.0,,0.0,0.0,0.0,0.0
S0DE00175,"SCARANE, JESSICA",C,DEM,0.0,0.0,0.0,DE,0.0,0.0,0.0,12/31/2024,0.0,0.0,,0.0,0.0,0.0,0.0
S0DE00191,"DEMARTINO, JAMES",C,REP,0.0,21500.0,0.0,DE,0.0,0.0,0.0,10/15/2024,0.0,0.0,,0.0,0.0,0.0,0.0
S6DE00131,"O'DONNELL, CHRISTINE",O,REP,0.0,39118.92,0.0,DE,0.0,0.0,0.0,12/31/2024,0.0,0.0,,0.0,0.0,0.0,0.0
S2FL00458,"ELLISON, ALLEN",C,DEM,0.0,4800.0,0.0,FL,0.0,0.0,0.0,12/31/2024,0.0,0.0,,0.0,0.0,0.0,0.0
S2FL00623,"SANCHEZ, WILLIAM",C,DEM,0.0,0.0,0.0,FL,0.0,0.0,0.0,06/30/2023,0.0,0.0,,0.0,0.0,0.0,0.0
S4FL00462,"LAROSE, JOSUE DR.",C,DEM,0.0,0.0,0.0,FL,0.0,0.0,0.0,06/30/2024,0.0,0.0,,0.0,0.0,0.0,0.0
S2FL00615,"MISIGOY, DENNIS",C,LIB,0.0,0.0,0.0,FL,0.0,0.0,0.0,03/31/2023,0.0,0.0,,0.0,0.0,0.0,0.0
S2FL00508,"GRANT, STEVEN B",C,NPA,0.0,0.0,0.0,FL,0.0,0.0,0.0,03/31/2023,0.0,0.0,,0.0,0.0,0.0,0.0
S4GA11210,"KINGSTON, JOHN H SR REP",O,REP,0.0,0.0,0.0,GA,0.0,0.0,0.0,03/31/2024,0.0,0.0,,0.0,0.0,0.0,0.0
S0IA00119,"FIEGEN, THOMAS L",C,DEM,0.0,30680.9,0.0,IA,0.0,0.0,0.0,09/30/2023,0.0,0.0,,0.0,0.0,0.0,0.0
S2IA00149,"MUHLBAUER, DAVE MR.",C,DEM,0.0,0.0,0.0,IA,0.0,0.0,0.0,06/30/2023,0.0,0.0,,0.0,0.0,0.0,0.0
S2IA00156,"HURST, GLENN",C,DEM,0.0,0.0,0.0,IA,0.0,0.0,0.0,06/30/2023,0.0,0.0,,0.0,0.0,0.0,0.0
S2IA00131,"CARLIN, JAMES M.",C,REP,0.0,0.0,0.0,IA,0.0,0.0,0.0,12/31/2024,0.0,0.0,,0.0,0.0,0.0,0.0
S4IA00095,"WHITAKER, MATTHEW GEORGE ""MATT""",O,REP,0.0,49187.37,0.0,IA,0.0,0.0,0.0,12/31/2024,0.0,0.0,,0.0,0.0,0.0,0.0
S4IA00194,"STEWART, RICK",C,LIB,0.0,0.0,0.0,IA,0.0,0.0,0.0,12/31/2024,0.0,0.0,,0.0,0.0,0.0,0.0
S2ID00178,"ROTH, DAVID JORDAN",C,DEM,0.0,0.0,0.0,ID,0.0,0.0,0.0,04/30/2023,0.0,0.0,,0.0,0.0,0.0,0.0
S2ID00194,"PURSLEY, BENJAMIN",C,DEM,0.0,0.0,0.0,ID,0.0,0.0,0.0,12/31/2024,0.0,0.0,,0.0,0.0,0.0,0.0
S2ID00129,"TROTTER, JAMES SCOTT",C,REP,0.0,0.0,0.0,ID,0.0,0.0,0.0,12/31/2024,0.0,0.0,,0.0,0.0,0.0,0.0
S4IL00438,"TRUAX, DOUGLAS LEE",C,REP,0.0,53087.87,0.0,IL,0.0,0.0,0.0,12/31/2024,0.0,0.0,,0.0,0.0,0.0,0.0
S0IN00111,"BATES, DON JR",O,REP,0.0,0.0,0.0,IN,0.0,0.0,0.0,03/31/2023,0.0,0.0,,0.0,0.0,0.0,0.0
S4IN00238,"HARMON, WAYNE ""GUNNY""",C,REP,0.0,0.0,0.0,IN,,0.0,0.0,12/31/2023,0.0,0.0,,0.0,0.0,0.0,0.0
S0KS00166,"WIESNER, PATRICK",C,DEM,0.0,50500.0,0.0,KS,0.0,0.0,0.0,12/31/2024,0.0,0.0,,0.0,0.0,0.0,0.0
S2KS00121,"KLINGENBERG, ROBERT JOSEPH",C,DEM,0.0,0.0,0.0,KS,0.0,0.0,0.0,10/15/2023,0.0,0.0,,0.0,0.0,0.0,0.0
S0KS00257,"KOBACH, KRIS",O,REP,0.0,0.0,0.0,KS,0.0,0.0,0.0,09/10/2024,0.0,0.0,,0.0,0.0,0.0,0.0
S0KS00349,"HAMILTON, BOB",O,REP,0.0,1150.0,0.0,KS,0.0,0.0,0.0,12/31/2024,0.0,0.0,,0.0,0.0,0.0,0.0
S8KY00241,"FISCHER, GREGORY EDWARD",C,DEM,0.0,0.0,0.0,KY,0.0,0.0,0.0,08/09/2023,0.0,0.0,,0.0,0.0,0.0,0.0
S0KY00198,"THONEY, ROGER",C,REP,0.0,27900.0,0.0,KY,0.0,0.0,0.0,12/31/2024,0.0,0.0,,0.0,0.0,0.0,0.0
S0KY00396,"BARRON, STEPHEN BRADLEY",C,LIB,0.0,0.0,0.0,KY,0.0,0.0,0.0,12/31/2024,0.0,0.0,,0.0,0.0,0.0,0.0
S2LA00168,"STEIB, SYRITA",C,DEM,0.0,33614.25,0.0,LA,0.0,0.0,0.0,12/31/2024,0.0,0.0,,0.0,0.0,0.0,0.0
S4LA00057,"VITTER, DAVID B",I,REP,0.0,0.0,0.0,LA,0.0,0.0,0.0,12/31/2024,0.0,0.0,,0.0,0.0,0.0,0.0
S8MA00318,"KINGSTON, JOHN MR",C,REP,0.0,0.0,0.0,MA,0.0,0.0,0.0,03/15/2023,0.0,0.0,,0.0,0.0,0.0,0.0
S2MD00529,"SMITH, MICHELLE LAURENCE MS",C,DEM,0.0,0.0,0.0,MD,0.0,0.0,0.0,12/31/2024,204.87,0.0,,0.0,0.0,0.0,0.0
S4MD00277,"SEUFERER, STEVEN HENRY",O,DEM,0.0,0.0,0.0,MD,0.0,0.0,0.0,12/31/2023,0.0,0.0,,0.0,0.0,0.0,0.0
S2MD00552,"TARANTIN, JAMES",C,REP,0.0,26280.92,0.0,MD,0.0,0.0,0.0,06/30/2023,0.0,0.0,,0.0,0.0,0.0,0.0
S4MD00467,"WALLACE, NANCY",O,GRE,0.0,0.0,0.0,MD,0.0,0.0,0.0,12/31/2024,0.0,0.0,,0.0,0.0,0.0,0.0
S8MI00422,"WILLIS, VALERIE LEE",O,LIB,0.0,22068.88,0.0,MI,,0.0,0.0,11/05/2024,0.0,0.0,,0.0,0.0,0.0,0.0
S4MN00361,"ORTMAN, JULIANNE",C,REP,0.0,49563.29,0.0,MN,0.0,0.0,0.0,12/31/2024,0.0,0.0,,0.0,0.0,0.0,0.0
S2MO00551,"TODER, SPENCER ROSS",O,DEM,0.0,0.0,0.0,MO,0.0,0.0,0.0,09/30/2023,0.0,0.0,,0.0,0.0,0.0,0.0
S2MO00403,"STEELMAN, SARAH H",C,REP,0.0,0.0,0.0,MO,0.0,0.0,0.0,06/30/2024,0.0,0.0,,0.0,0.0,0.0,0.0
S8MO00178,"SYKES, B COURTLAND",C,REP,0.0,0.0,0.0,MO,0.0,0.0,0.0,12/31/2024,0.0,0.0,,0.0,0.0,0.0,0.0
S2MO00734,"WOOD, JOHN FREDERICK",O,IND,0.0,0.0,0.0,MO,0.0,0.0,0.0,11/13/2023,0.0,0.0,,0.0,0.0,0.0,0.0
S8MS00287,"ESPY, MICHAEL",C,DEM,0.0,0.0,0.0,MS,0.0,0.0,0.0,12/31/2024,0.0,0.0,,0.0,0.0,0.0,0.0
S0MT00116,"BALLARD, JACK",C,DEM,0.0,4520.0,0.0,MT,0.0,0.0,0.0,12/31/2024,0.0,0.0,,0.0,0.0,0.0,0.0
S0MT00132,"NEUMANN, CORA",C,DEM,0.0,0.0,0.0,MT,0.0,0.0,0.0,01/18/2023,0.0,0.0,,0.0,0.0,0.0,0.0
S6MT00097,"REHBERG, DENNIS RAY",C,REP,0.0,0.0,0.0,MT,0.0,0.0,0.0,12/31/2024,0.0,0.0,,0.0,0.0,0.0,0.0
S0NC00202,"CUNNINGHAM, CAL",C,DEM,0.0,0.0,0.0,NC,0.0,0.0,0.0,10/08/2024,0.0,0.0,,0.0,0.0,0.0,0.0
S0NC00343,"SMITH, ERICA DANETTE",O,DEM,0.0,91969.74,0.0,NC,0.0,0.0,0.0,12/31/2024,15850.0,0.0,,0.0,0.0,0.0,0.0
S2NC00398,"LAGRONE, TOBIAS EVERETT DR.",O,DEM,0.0,0.0,0.0,NC,0.0,0.0,0.0,03/31/2023,0.0,0.0,,0.0,0.0,0.0,0.0
S2NC00471,"NEWTON, EVERETTE (RETT) S.",O,DEM,0.0,0.0,0.0,NC,0.0,0.0,0.0,12/31/2024,0.0,0.0,,0.0,0.0,0.0,0.0
S2NC00547,"SIBHATU, LICHIA WOLDEGABREAL",,REP,0.0,0.0,0.0,NC,0.0,0.0,0.0,03/31/2023,0.0,0.0,,0.0,0.0,0.0,0.0
S2NC00596,"BRYANT, LEONARD L",O,REP,0.0,2341.0,0.0,NC,0.0,0.0,0.0,03/31/2024,0.0,0.0,,0.0,0.0,0.0,0.0
S6NE00095,"NELSON, E BENJAMIN",O,DEM,0.0,0.0,0.0,NE,0.0,0.0,0.0,12/31/2024,0.0,0.0,,0.0,0.0,0.0,0.0
S2NH00207,"SIVALINGAM, TEJASINHA",C,REP,0.0,0.0,0.0,NH,0.0,0.0,0.0,02/21/2023,0.0,0.0,,0.0,0.0,0.0,0.0
S2NH00231,"SMITH, KEVIN H.",C,REP,0.0,5000.0,0.0,NH,0.0,0.0,0.0,12/31/2024,0.0,0.0,,0.0,0.0,0.0,0.0
S6NH00133,"SIVALINGAM, TEJASINHA",,REP,0.0,0.0,0.0,NH,0.0,0.0,0.0,02/21/2023,0.0,0.0,,0.0,0.0,0.0,0.0
S2NH00256,"KAUFFMAN, JEREMY",C,LIB,0.0,0.0,0.0,NH,0.0,0.0,0.0,06/30/2024,0.0,0.0,,0.0,0.0,0.0,0.0
S2NH00280,"FENTON, BRUCE",C,REP,0.0,1808100.0,0.0,NH,,0.0,0.0,12/31/2024,0.0,0.0,,0.0,0.0,0.0,0.0
S2NJ00080,"LAUTENBERG, FRANK R",C,DEM,0.0,1090000.0,0.0,NJ,0.0,0.0,0.0,12/31/2024,0.0,0.0,,0.0,0.0,0.0,0.0
S0NJ00191,"SINGH, HIRSH V",C,REP,0.0,26800.0,0.0,NJ,0.0,0.0,0.0,12/31/2024,0.0,0.0,,0.0,0.0,0.0,0.0
S0NJ00217,"MEHTA, RIKIN",C,REP,0.0,320000.0,0.0,NJ,0.0,0.0,0.0,12/31/2024,0.0,0.0,,0.0,0.0,0.0,0.0
S4NJ00250,"MEISSNER, STUART",C,REP,0.0,182291.53,0.0,NJ,0.0,0.0,0.0,03/31/2023,0.0,0.0,,0.0,0.0,0.0,0.0
S4NJ00334,"CRUZ, DAN",O,REP,0.0,0.0,0.0,NJ,0.0,0.0,0.0,01/22/2024,0.0,0.0,,0.0,0.0,0.0,0.0
S6NJ00131,"ZIMMER, DICK",C,REP,0.0,0.0,0.0,NJ,0.0,0.0,0.0,12/31/2024,0.0,0.0,,0.0,0.0,0.0,0.0
S8NJ00483,"SINGH, HIRSH",C,REP,0.0,26800.0,0.0,NJ,0.0,0.0,0.0,12/31/2024,0.0,0.0,,0.0,0.0,0.0,0.0
S0NM00074,"TOULOUSE OLIVER, MAGGIE",O,DEM,0.0,15312.17,0.0,NM,0.0,0.0,0.0,12/31/2024,0.0,0.0,,0.0,0.0,0.0,0.0
S0NM00116,"SANCHEZ, LOUIE J",O,REP,0.0,100000.0,0.0,NM,0.0,0.0,0.0,12/31/2024,0.0,0.0,,0.0,0.0,0.0,0.0
S6NV00234,"MAHENDRA, SUJEET BOBBY NARENDRA",C,DEM,0.0,32000.0,0.0,NV,0.0,0.0,0.0,12/31/2024,58.57,0.0,,0.0,0.0,0.0,0.0
S0NV00203,"TARKANIAN, DANNY",C,REP,0.0,0.0,0.0,NV,0.0,0.0,0.0,12/31/2024,0.0,0.0,,0.0,0.0,0.0,0.0
S0NY00188,"CLINTON, HILLARY RODHAM",C,DEM,0.0,0.0,0.0,NY,0.0,0.0,0.0,12/31/2024,0.0,0.0,,0.0,0.0,0.0,0.0
S2NY00366,"MUGULUSI, MOSES R",C,DEM,0.0,6757.43,0.0,NY,0.0,0.0,0.0,04/14/2024,0.0,0.0,,0.0,0.0,0.0,0.0
S2NY00374,"BEN-AVI, TYRRELL",C,DEM,0.0,0.0,0.0,NY,0.0,0.0,0.0,06/30/2023,0.0,0.0,,0.0,0.0,0.0,0.0
S4NY00347,"FOTI, DANIEL PETER MR.",C,DEM,0.0,20000.0,0.0,NY,0.0,0.0,0.0,12/31/2023,0.0,0.0,,0.0,0.0,0.0,0.0
S0NY00550,"TOWNSEND, JAY",C,REP,0.0,108845.1,0.0,NY,0.0,0.0,0.0,12/31/2024,0.0,0.0,,0.0,0.0,0.0,0.0
S2NY00259,"LONG, WENDY",C,REP,0.0,242902.84,0.0,NY,0.0,0.0,0.0,12/31/2024,0.0,0.0,,0.0,0.0,0.0,0.0
S2NY00531,"HILL, BRYAN",C,REP,0.0,0.0,0.0,NY,0.0,0.0,0.0,07/13/2023,0.0,0.0,,0.0,0.0,0.0,0.0
S6NY00243,"SPENCER, JOHN D",C,REP,0.0,239112.0,0.0,NY,0.0,0.0,0.0,12/31/2024,0.0,0.0,,0.0,0.0,0.0,0.0
S6NY00250,"PIRRO, JEANINE F",C,REP,0.0,0.0,0.0,NY,0.0,0.0,0.0,03/31/2023,0.0,0.0,,0.0,0.0,0.0,0.0
S8NY00256,"MADSON, JOSHUA",,IND,0.0,0.0,0.0,NY,0.0,0.0,0.0,11/23/2023,0.0,0.0,,0.0,0.0,0.0,0.0
S2OH00469,"HARPER, MORGAN",O,DEM,0.0,0.0,0.0,OH,0.0,0.0,0.0,04/11/2023,0.0,0.0,,0.0,0.0,0.0,0.0
S2OH00345,"PATEL, NIRANJAN NEIL",O,REP,0.0,28645.0,0.0,OH,0.0,0.0,0.0,09/12/2023,0.0,0.0,,0.0,0.0,0.0,0.0
S8OH00102,"RENACCI, JAMES B.",C,REP,0.0,0.0,0.0,OH,0.0,0.0,0.0,03/31/2023,0.0,0.0,,0.0,0.0,0.0,0.0
S2OK00210,"SHANNON, T.W.",O,REP,0.0,45302.61,0.0,OK,0.0,0.0,0.0,12/31/2024,0.0,0.0,,0.0,0.0,0.0,0.0
S6OK04148,"SWEARENGIN, TAMMY",,REP,0.0,0.0,0.0,OK,0.0,0.0,0.0,12/31/2024,0.0,0.0,,0.0,0.0,0.0,0.0
S0OK00404,"NESBIT, APRIL",C,IND,0.0,0.0,0.0,OK,0.0,0.0,0.0,01/08/2023,0.0,0.0,,0.0,0.0,0.0,0.0
S2OK00236,"BLEVINS, KENNETH",C,LIB,0.0,0.0,0.0,OK,0.0,0.0,0.0,03/31/2023,0.0,0.0,,0.0,0.0,0.0,0.0
S0OR00329,"TAHER, IBRAHIM",C,REP,0.0,0.0,0.0,OR,0.0,0.0,0.0,11/05/2024,0.0,0.0,,0.0,0.0,0.0,0.0
S2OR00150,"PALMER, SAMUEL",C,REP,0.0,0.0,0.0,OR,0.0,0.0,0.0,06/30/2023,0.0,0.0,,0.0,0.0,0.0,0.0
S4OR00156,"PERKINS, JO RAE",C,REP,0.0,4040.41,0.0,OR,0.0,0.0,0.0,12/31/2024,0.0,0.0,,0.0,0.0,0.0,0.0
S2OR00200,"TAHER, IBRAHIM",,GRE,0.0,0.0,0.0,OR,0.0,0.0,0.0,11/05/2024,0.0,0.0,,0.0,0.0,0.0,0.0
S2PA00398,"KENYATTA, MALCOLM",O,DEM,0.0,0.0,0.0,PA,0.0,0.0,0.0,12/31/2023,0.0,0.0,,0.0,0.0,0.0,0.0
S2PA00448,"STREET, SHARIF",O,DEM,0.0,0.0,0.0,PA,0.0,0.0,0.0,12/31/2024,0.0,0.0,,0.0,0.0,0.0,0.0
S2PA00331,"ROSENFELD, MARTIN",O,REP,0.0,0.0,0.0,PA,0.0,0.0,0.0,12/31/2023,0.0,0.0,,0.0,0.0,0.0,0.0
S2PA00604,"CRUZ, ISRAEL",O,REP,0.0,0.0,0.0,PA,0.0,0.0,0.0,02/27/2023,0.0,0.0,,0.0,0.0,0.0,0.0
S2PA00703,"BOCHETTO, GEORGE",O,REP,0.0,634294.59,0.0,PA,0.0,0.0,0.0,06/21/2023,0.0,0.0,,0.0,0.0,0.0,0.0
S8PA00270,"CHRISTIANA, JAMES JOSEPH III",C,REP,0.0,37900.0,0.0,PA,0.0,0.0,0.0,12/31/2024,0.0,0.0,,0.0,0.0,0.0,0.0
S4PA00345,"HAZOU, LEILA",C,GRE,0.0,0.0,0.0,PA,0.0,0.0,0.0,09/30/2024,0.0,0.0,,0.0,0.0,0.0,0.0
S4PA00352,"HAZOU, LEILA",C,GRE,0.0,0.0,0.0,PA,0.0,0.0,0.0,09/30/2024,0.0,0.0,,0.0,0.0,0.0,0.0
S2PA00315,"STERN, EVERETT",O,IND,0.0,0.0,0.0,PA,0.0,0.0,0.0,02/27/2023,0.0,0.0,,0.0,0.0,0.0,0.0
S0RI00067,"WATERS, ALLEN",C,REP,0.0,0.99,0.0,RI,0.0,0.0,0.0,03/31/2023,0.0,0.0,,0.0,0.0,0.0,0.0
S2SC00145,"BRUCE, CATHERINE FLEMING MS.",,DEM,0.0,0.0,0.0,SC,0.0,0.0,0.0,12/31/2024,0.0,0.0,,0.0,0.0,0.0,0.0
S6SD00051,"JOHNSON, TIM",C,DEM,0.0,0.0,0.0,SD,0.0,0.0,0.0,03/31/2023,0.0,0.0,,0.0,0.0,0.0,0.0
S4SD00064,"BOSWORTH, ANNETTE DR",O,REP,0.0,0.0,0.0,SD,0.0,0.0,0.0,09/30/2023,0.0,0.0,,0.0,0.0,0.0,0.0
S8TN00311,"MACKLER, JAMES",O,DEM,0.0,0.0,0.0,TN,0.0,0.0,0.0,12/31/2024,0.0,0.0,,0.0,0.0,0.0,0.0
S0TN00201,"BUSH, BYRON",O,REP,0.0,373000.0,0.0,TN,0.0,0.0,0.0,12/31/2024,0.0,0.0,,0.0,0.0,0.0,0.0
S0TN00219,"PRESLEY, JOHNNY W",O,REP,0.0,27000.0,0.0,TN,0.0,0.0,0.0,12/31/2024,0.0,0.0,,0.0,0.0,0.0,0.0
S0TX00233,"HEGAR, MARY JENNINGS MJ",C,DEM,0.0,0.0,0.0,TX,0.0,0.0,0.0,12/31/2024,0.0,0.0,,0.0,0.0,0.0,0.0
S8TX00459,"TZINTZUN RAMIREZ, CRISTINA",C,DEM,0.0,0.0,0.0,TX,0.0,0.0,0.0,12/31/2024,0.0,0.0,,0.0,0.0,0.0,0.0
S4TX00508,"MAPP, CHRISTOPHER KEVIN",C,REP,0.0,145815.73,0.0,TX,0.0,0.0,0.0,06/30/2023,0.0,0.0,,0.0,0.0,0.0,0.0
S4TX00524,"STOCKMAN, STEVE",C,REP,0.0,0.0,0.0,TX,0.0,0.0,0.0,06/30/2023,0.0,0.0,,0.0,0.0,0.0,0.0
S4TX00698,"MCQUEEN, ELDON DANIEL",C,IDP,0.0,0.0,0.0,TX,0.0,0.0,0.0,07/14/2023,0.0,0.0,,0.0,0.0,0.0,0.0
S2UT00336,"EDWARDS, BECKY",C,REP,0.0,0.0,0.0,UT,0.0,0.0,0.0,02/28/2023,0.0,0.0,,0.0,0.0,0.0,0.0
S8UT00242,"KENNEDY, MIKE",O,REP,0.0,422543.19,0.0,UT,0.0,0.0,0.0,12/31/2024,0.0,0.0,,0.0,0.0,0.0,0.0
S0VA00070,"BALDWIN, ALISSA",C,REP,0.0,0.0,0.0,VA,0.0,0.0,0.0,03/31/2024,0.0,0.0,,0.0,0.0,0.0,0.0
S4VA00148,"HILL, SHAK",C,REP,0.0,116838.38,0.0,VA,0.0,0.0,0.0,06/30/2024,0.0,0.0,,0.0,0.0,0.0,0.0
S8VA00305,"RAIKLIN, IVAN ERIC",C,REP,0.0,98234.58,0.0,VA,0.0,0.0,0.0,12/31/2024,0.0,0.0,,0.0,0.0,0.0,0.0
S2VT00177,"THRAN, ALEXANDRA NICOLE",O,DEM,0.0,0.0,0.0,VT,0.0,0.0,0.0,01/29/2023,0.0,0.0,,0.0,0.0,0.0,0.0
S2VT00136,"MACGOVERN, JOHN",C,REP,0.0,0.0,0.0,VT,0.0,0.0,0.0,10/15/2024,0.0,0.0,,0.0,0.0,0.0,0.0
S4WA00599,"GIESICK, PAUL LAWRENCE",C,DEM,0.0,0.0,0.0,WA,0.0,0.0,0.0,07/22/2024,0.0,0.0,,0.0,0.0,0.0,0.0
S0WA00258,"CODAY, ARTHUR JR MD",C,REP,0.0,21297.82,0.0,WA,0.0,0.0,0.0,12/31/2024,0.0,0.0,,0.0,0.0,0.0,0.0
S2WI00458,"LEWIS, CHANTIA",C,DEM,0.0,0.0,0.0,WI,0.0,0.0,0.0,12/31/2024,0.0,0.0,,0.0,0.0,0.0,0.0
S8WI00224,"VUKMIR, LEAH",C,REP,0.0,0.0,0.0,WI,0.0,0.0,0.0,01/22/2023,0.0,0.0,,0.0,0.0,0.0,0.0
S0WV00215,"SWEARENGIN, PAULA JEAN",C,DEM,0.0,0.0,0.0,WV,0.0,0.0,0.0,12/31/2024,0.0,0.0,,0.0,0.0,0.0,0.0
S8WV00119,"SWEARENGIN, PAULA JEAN",C,DEM,0.0,0.0,0.0,WV,0.0,0.0,0.0,12/31/2024,0.0,0.0,,0.0,0.0,0.0,0.0
S6WV00154,"GAASERUD, ALEXANDER",,REP,0.0,0.0,0.0,WV,0.0,0.0,0.0,12/31/2024,0.0,0.0,,0.0,0.0,0.0,0.0
S8WV00127,"JENKINS, EVAN H",C,REP,0.0,600.0,0.0,WV,0.0,0.0,0.0,12/31/2024,0.0,0.0,,0.0,0.0,0.0,0.0
